@Username,Tweet,Lokasi
celebdotid,"Film Kiko In The Deep Sea Dapat Apresiasi dari Menparekraf Sandiaga Uno, Anastasia Amelia: Berasa Kayak Mimpi!
#CelebritiesDotID #InfoCelebTerkini 
https://t.co/SuTeeBaCfb",
validnewsid,Pasangan Anies baswedan-Sandiaga Uno berhasil memenangkan pemilihan gubernur Jakarta pada tahun 2017 https://t.co/hMaNhlha2d,"Jakarta Capital Region, Indone"
USSFeeds,"Menurut Sandiaga Uno, upaya harpitnas jadi hari libur nasional adalah upaya untuk menyelamatkan perhotelan #USSFeed https://t.co/BF3RihJ6zZ",
Ini_ajunk,Sandiaga Uno: Banyak Sekali yang Salah Paham soal Pak Prabowo Subianto... - https://t.co/tMf4E35WAj - Nasional https://t.co/tMf4E35WAj https://t.co/fThLhqMknI #IndonesiaKuat #BangkitBersama,jakarta
Ini_ajunk,"GASPOL! Hari ini: Sandiaga Uno di Persimpangan, Loyal kepada Prabowo Subianto atau ""Hijrah"" ke PPP? - https://t.co/tMf4E35WAj - Nasional https://t.co/tMf4E35WAj https://t.co/I09DReS4ev #IndonesiaKuat #BangkitBersama",jakarta
Disuruh_Iben,"GASPOL! Hari ini: Sandiaga Uno di Persimpangan, Loyal kepada Prabowo Subianto atau ""Hijrah"" ke PPP? - https://t.co/jdGJZgaaH0 - Nasional https://t.co/jdGJZgaaH0 https://t.co/arIrM1JIWa #IndonesiaKuat #BangkitBersama",Pulau Impian
alifiarevyjulia,"Kemudian mantan Panglima TNI Andika Perkasa 4,2%, Ketua Umum Partai Demokrat Agus Harimurti Yudhoyono (AHY) 3,1%, Menparekraf Sandiaga Uno 2,1%, Ketua Umum PKB Muhaimin Iskandar 1,2%. 

- Prabowo Subianto 
#PrabowoPemersatu #BangkitBersama",
Rudimaryonoo,"@RkIndoJuara_ Waktuna urang sunda hudang..
Sauyunan, presiden mimiti ti sunda..
@ridwankamil .. ayo KIB cari wakil yang mantap..
Ada sandiaga uno atau Erick Thohir..
Ridwan Kamil Pembawa perubahan","Cibitung, Indonesia"
jawapos,PKS Tak Tampik Ada Kemungkinan Usung Sandiaga Uno jadi Cawapres https://t.co/fLptNeCWVH,Jakarta
Wawan72079938,"@prastow Ya sapa tau beliau ini sebenarnya pengusaha seperti pak Erick Thohir atau pak Sandiaga Uno , bisa jadi beliau ini jadi PNS itu cuma karena ada merasa terpanggil untuk mengabdi kepada bangsa dan negara .
Positif thinking aja guys",
kompascom,"üî¥LIVE GASPOL Spesial - Sandiaga Uno di Persimpangan: Loyalitas ke Prabowo atau ""Hijrah"" ke PPP? (Part 1) https://t.co/U8bQa3ncaB",Jakarta
gadotaja,"""Yang saya kenal, ada Pak Prabowo. Yang saya tahu juga ada Pak Erick Thohir. Yang saya tahu juga ada Pak Sandiaga Uno. #PrabowoPemersatu #IkutPakde Prabowo Subianto","DKI Jakarta, Indonesia"
kompascom,"GASPOL SPESIAL - Sandiaga Uno di Persimpangan: Loyalitas ke Prabowo atau 'Hijrah' ke PPP?

LIVE PREMIERE
üìÜ 22 &amp; 23 Feb 2023
‚è∞ 19.00 WIB
üìç Youtube, FB, IG, dan Tiktok @kompascom
https://t.co/IEWNpXDMKO

#JernihMelihatDunia #GaspolKompascom #Gaspol #SandiagaUno https://t.co/JAGIdNuzkA",Jakarta
harrispradana_,"Prabowo Subianto pada Pilpres 2019 berpasangan dengan Sandiaga Uno bersaing dengan Jokowi dan Ma‚Äôruf Amin. 
#PrabowoPemersatu #IkutPakde",
detikcom,PKS menyambut penilaian Voxpol Center Research and Consulting yang menyebut duet Anies Baswedan dan Sandiaga Uno bisa dipertimbangkan untuk Pilpres 2024. https://t.co/Hud5bid9xr,"Jakarta, Indonesia"
chatnews_id,Sandiaga Uno: Fashion Indonesia Mampu Bersaing di Kancah Internasional https://t.co/20prwEn18T,Indonesia
kompascom,"Selain Ganjar dan Mahfud, ada sejumlah nama lain yang menempati posisi teratas seperti Moeldoko, Sandiaga Uno, hingga Arsjad Rasjid. https://t.co/YVZmfATORi",Jakarta
radarbantencoid,"Sandiaga Uno Akan Berlakukan Hari Kejepit Nasional Menjadi Hari Libur Nasional, Netizen: Setuju Pak https://t.co/gvCrBCnYVC","Serang, Banten"
rkrijuara,"Ridwan Kamil Jadi Capres alternatif terpopuler kalahkan sandiaga uno dan AHY 

https://t.co/yA74pDBlq2","Jawa Barat, Indonesia"
pinterpolitik,"Menteri Pariwisata dan Ekonomi Kreatif (Menparekraf) Sandiaga Uno terus mendorong regulasi hari kejepit nasional (harpitnas) menjadi hari libur nasional demi menyelamatkan industri perhotelan, wisata, dan UMKM. https://t.co/O8bx83kWgD","Jakarta, Indonesia"
MerryRiana,"Sekarang di pemerintahan, apa hal yang tidak berubah dan berubah dari seorang Sandiaga Uno? Temukan jawabannya di video berikut ini!
https://t.co/8D49vf33JN",Jakarta - Singapore
anakdolan_,Sandiaga Uno Sebut IFW 2023 Jadi Rumah Desainer Lokal Agar Bisa 'Go International' https://t.co/Wy1gswpLUg https://t.co/DTw6nnM6a5,Indonesia
TVRINasional,"Malam ini Fokus Terkini Exclusive Sandiaga Uno yang akan membahas tentang ‚ÄúSandi Buka-Bukaan‚Äù. 

Rabu, 22 Februari 2023 pukul 19.00 WIB 

#TVRI #TVRINasional #MediaPemersatuBangsa #FokusTerkini https://t.co/Rpr86XOl7J","Senayan, Jakarta 10270"
andyyusuf22,Survei Voxpol Ungkap Duet Anies Baswedan - Sandiaga Uno Berpotensi Menangkan Pilpres 2024 - Nasional Tempo https://t.co/XutMTCiXyN #BangkitBersama #IndonesiaKuat,Surabaya   
Cornettouu,@swovrn SANDIAGA UNO,"infp, anypro"
polsight,"Anies mengatakan selama 42 tahun usianya, BKMT telah menjadi bukti bahwa pengajian menghasilkan ibu-ibu yang lebih berpengetahuan.
#aniesbaswedan #pengajian #majelistaklim #ngaji #emakemak #keluarga  #islam #ahy #sandiagauno #zulkiflihasan #erickthohir #gatotnurmantyo #politik https://t.co/3Y32TYLFam",
sportelmonaco,"[KEYNOTE]
‚è∞ THURSDAY 23 FEBRUARY, 10:45 ‚Äì 11:00
üîä INDONESIA SPORT TOURISM EVENT ON SHAPING NATIONAL ECONOMY
Sandiaga UNO, Minister of Tourism and Creative Economy,  
Republic of Indonesia
#SPORTEL #Bali https://t.co/9d6ghoXQaK",Monaco
eradotid,Sandiaga Uno membeberkan alasannya https://t.co/KBUxIqwo9X,Jakarta Capital Region
harrispradana_,"yang saya tahu juga ada Sandiaga Uno, yang saya tahu juga ada Pak Mahfud MD,"" ucap Jokowi, Jumat (17/2). #KitaGerindra #IkutPakde Prabowo Subianto",
rmol_id,"Gubernur Jawa Barat itu meraih tingkat elektabilitas tertinggi sebagai capres alternatif dengan meraih 22,7 persen. Diikuti Sandiaga Uno di peringkat kedua dengan 7,3 persen dan Agus Harimurti Yudhoyono dengan 5,8 persen.

https://t.co/XSbHBej9Xv",Indonesia
serambinews,"Momen Anies Baswedan dan Sandiaga Uno Salam Komando dalam Tasyakur Milad BKMT
 
https://t.co/KDyCa68WvO via @serambinews",Aceh
kristariyanto68,"Survei Litbang Kompas: Ganjar Pranowo di Puncak, Sandiaga Uno Mengungguli Agus Harimurti Yudhoyono https://t.co/qicu7Vre7Q",
AyaniMel,"Anies enak, krn tdk perlu bayar hutang pada sandiaga uno https://t.co/WpjOVR5VaY",
harrispradana_,"Menparekraf Sandiaga Uno 2,1%, Ketua Umum PKB Muhaimin Iskandar 1,2%. #KitaGerindra #IkutPakde Prabowo Subianto",
poskotanetwork,"Sandiaga Uno mendesak ""Hari Kejepit Nasional"" atau ""harpitnas"" menjadi hari libur nasional, dan diusulkan untuk dilaksanakan dua kali pada tahun 2023. 

Sandiaga mengusulkan menjadikan ""hari kejepit"" sebagai hari libur nasional yang resmi diakui pemerintah. 

#sandiagauno https://t.co/0wG3iTuxWh","Jakarta, Indonesia"
nusabalicom,Sandi Berharap Harga Tiket Pesawat Turun https://t.co/67b6TWxq06 #HargaTiketPesawat #TiketPesawat #SandiagaUno #Menparekraf #berita #nusabali,"Denpasar, Bali"
nusabalicom,RI Tak Berlakukan Bea Masuk Wisman https://t.co/AUOx7IAvwn #Wisman #berita #nusabali #Pariwisata #Menparekraf #SandiagaUno #Bea,"Denpasar, Bali"
sobat_sandi,"Harus pake cara Kekinian ‚úÖüëè

#sandiagauno #sandiuno #kemenaprekraf #ekonomi #kreatif  #Indonesia #Twitter #viral #Trending #zonauang AND MORE Rabu Abu YOUR TYPE GAME STAND TOGETHER WITH BUILD Emang Fakta https://t.co/oHsUJrDpbo",
rmol_id,"Jadi Capres Alternatif Paling Diminati Publik, Ridwan Kamil Tinggalkan Sandiaga Uno dan AHY https://t.co/XSbHBej9Xv",Indonesia
pikiran_rakyat,"Sandiaga Uno Desak 'Harpitnas' Jadi Libur Nasional: Paling Tidak 2 Kali untuk Tahun Ini
.
Selengkapnya di https://t.co/QQFbLGhHYS

#PikiranRakyat #PRMN #Menparekraf #harpitnas https://t.co/JputOpPWGn",Indonesia
india_narrative,"To celebrate the #IYM2023 @IndianEmbJkt organized a 'Healthy Indonesian cuisine with Millets' competition on 20th February at Embassy 

Indian Ambassador Manoj K Bharti and Minister of Tourism and Creative Economy, Indonesia, Sandiaga Uno graced the event and distributed prizes https://t.co/3te9WtZvWH",Delhi
pinbross11,"@datuakrajoangek HUTANGnya pak SANDIAGA UNO Rp 50 Triliun gimana tuh? 
Dimana mana hutang kampanye akan menjadikan calon Korupsi baru di depan mata.",
PinBross5,"HUTANGnya pak SANDIAGA UNO Rp 50 Triliun gimana tuh? 
Dimana mana hutang kampanye akan menjadikan calon Korupsi baru di depan mata.

https://t.co/8aNrzfNYBx",
PostingnewsId,"Isu Sandiaga Uno Gabung PPP, Pengamat Sarankan Jangan Berlebihan: 'Dia Tunduk Pada Partai Gerindra' https://t.co/EamIerF0NT",
Ahmad_hendars,"1. Ganjar Pranowo: 25,3 persen
 2. Prabowo memperoleh: 18,1 persen
 3. Anies Baswedan: 13,1 persen 
4. Ridwan Kamil: 8,4 persen 5. Sandiaga Uno: 1,6 persen 6. Andika Perkasa: 1,6 persen 7. Agus Harimurti Yudhoyono: 1,3 persen 8. Tri Rismaharini: 1 persen

https://t.co/SvZ6qHjPY3","Bogor, Jawa Barat"
madubandung1,"@sindai_salie Perlu istigfar Anies B, sudah berhutang ke Sandiaga Uno &amp; berhianat Ke Pa. Prabowo. Masa lebih senang berpelukan sama yg bening ?",Bandung Barat Indonesia
imediacyber,"Sandiaga Uno: Selamat Merayakan 42 Tahun BKMT
https://t.co/B2NkbGg1Ax","DKI Jakarta, Indonesia"
glueeestick,@Shikickkk Sandiaga uno,kevv's heart
detikcom,"Mitos-mitos Gunung Kerinci, tempat jatuhnya helikopter Kapolda Jambi Irjen Rusdi Hartono dan cerita bangkrutnya maskapai besutan Sandiaga Uno menjadi perhatian. Berikut deretan mitosnya! https://t.co/zpBJyfRPN2","Jakarta, Indonesia"
tono14045,"Sandiaga Uno Janji Teruskan Aspirasi Rakyat &amp; Petinggi Gerindra Optimis Banten Tetap Jadi Lumbung Prabowo
#KitaGerindra #IkutPakde Prabowo Subianto https://t.co/0VPUTUEgpI",
vivagorontalo,"Anies dan Sandi Diprediksi Mendulang Sukses di Pilkada DKI Jika Rujuk di Pilpres 2024
#AniesBaswedan #SandiagaUno
#Pilpres2024 #PilkadaDKI
 https://t.co/oiD6ALJRCD",Gorontalo
podcast_tyler,"sehingga diharapkan dapat mendukung capaian target 1,4 miliar pergerakan wisatawan nusantara pada tahun 2023.

Ikuti Berita Terkini : https://t.co/ATttSL1obf

#BerbagiCeritaTyler #BerbagiCeritaTylerUpdate
#Menparekraf #TiketPesawat #Tiket #Pesawat #TiketMurah #SandiagaUno","Nav City | Pekanbaru, Riau"
tempodotco,Duet Anies Baswedan dan Sandiaga Uno disebut memiliki potensi memenangkan Pilpres 2024 berdasarkan hasil survei Voxpol Center Research and Consulting. https://t.co/npRbPG4ECB,Indonesia
sanbanme__,"Ditulis di beberapa artikel yg ada di website. Pak Sandiaga Uno mengeluarkan uang sebanyak Rp 900 M untuk Pilgub dan Pilpresnya.

Kalo Rp900 M ini digunakan buat hidup foya2 1M perbulan.
1 th baru 12M.
Butuh berapa tahun lagi untuk menghabiskan uang itu?","DKI Jakarta, Indonesia"
WartaEkonomi,Anies Baswedan dan Sandiaga Uno Berpeluang CLBK Sebagai Pasangan Capres-Cawapres https://t.co/m4QS4HbJyj,"Jakarta, Indonesia"
BekicodeBkc,"@LenteraBangsaa_ Kenapa kalau orang banyak duit dikit aja perilakunya aneh2 dan arogan sih?

Kemaren ada tembak2an, sekarang pukul2an.

Hary Tanoe dan Sandiaga Uno yg tajir melilit aja ngga gitu2 amat kelakuannya perasaan.",Near Detective Kubi
suaradotcom,"Penelitian ini juga mengungkap bahwa pasangan Anies Baswedan dan Sandiaga Uno berpotensi kembali diduetkan dalam Pilpres 2024.

https://t.co/SfXwocsqhT",Jakarta Capital Region
indozonemedia,"Menparkraf Sandiaga Uno mengatakan, harpitnas alias hari kejepit nasional didorong bisa menyelamatkan industri perhotelan Indonesia.

https://t.co/VKAfDdp6zR",Jakarta
Harian_Jogja,Sandiaga Uno Desak Harpitnas Jadi Libur Nasional https://t.co/WIBTBdIFmQ #beritajogja #jogja #jogjaistimewa https://t.co/l8bj8C46Np,"Yogyakarta, Indonesia"
Philosepi,@RianEkkyP Temenan ama sandiaga uno ya bg?,"Pinterville, France"
tempo_english,Sandiaga Uno Eyes to Provide Affordable Flight Tickets in All Provinces https://t.co/9t7Jb4fgty #TempoEnglish,"Jakarta, Indonesia"
KompasTV,Anies Baswedan dan Sandiaga Uno Disebut Berpotensi Duet Kembali di Pemilu 2024 https://t.co/OjxqILX5lB,Indonesia
Bisniscom,"Menparekraf Sandiaga Uno desak harpitnas menjadi libur bersama, yang diharapkan bisa berlaku dua kali dalam tahun 2023 ini. https://t.co/qmY5K1aDfb","Jakarta, Indonesia"
KompasTV,"Survei Litbang Kompas untuk Cawapres; Sandiaga Uno Teratas, Disusul Ridwan Kamil dan Anies¬† Baswedan https://t.co/FJzQr0EQrr",Indonesia
AyaniMel,Anies-sandiaga uno https://t.co/xBbI9OpQjy,
fajaronline,"Momen Pertemuan Anies dengan Sandiaga Uno di Milad ke-42 BKMT, Pertama Kali Usai Isu Utang di Pilgub DKI Terbongkar https://t.co/XulnBiCpl7 #AniesBaswedan #bkmt #SandiagaUno #UtangRp50M","Jakarta, Indonesia"
Kutang2tang,@edo_rosyada @Mdy_Asmara1701 Yg sama sandiagauno mana itu sgt terasa disturbing banger...  Wahahaha,Penjaga NKRI Garis Keras
tempodotco,Survei Voxpol Ungkap Duet Anies Baswedan - Sandiaga Uno Berpotensi Menangkan Pilpres 2024 https://t.co/Vmpwvj7e5j #TempoNasional,Indonesia
Disuruh_Iben,Prabowo Subianto:  PPP Sebut Pembicaraan Soal Sandiaga Uno antara Mardiono dan Prabowo Subianto Masih Disiapkan - Nasional Tempo https://t.co/JOlFSnS8qw #IndonesiaKuat #BangkitBersama,Pulau Impian
medan_asyik123,Menparekreaf Sandiaga Uno laporkan persiapan F1 Powerboat Danau Toba berjalan baik dan optimal https://t.co/Vo2UhJ1H3X,"Medan Kota, Indonesia"
Kabar_Tangsel,Cek Fakta: [SALAH] Sandiaga Uno Bongkar Sifat Buruk Anies https://t.co/U0WXRXSXFd via @kabar_tangsel,Tangerang Selatan
sansdormir,@otongkoil sandiaga uno,"Yogyakarta, Indonesia"
chrysantemomm,@worksfess cinta banget sama pak sandiaga uno ü•∞,"from jakarta, with love"
kompasiana,"Kenapa PPP ""Ngebet"" Sandiaga Uno Gabung? https://t.co/Zz5PFQaCmb",Indonesia
voidotid,Voxpol menilai pasangan Anies Baswedan-Sandiaga Uno berpotensi diduetkan untuk Pemilu 2024. https://t.co/Z0cPKsnPlF,"DKI Jakarta, Indonesia"
Tiantz,"https://t.co/5JTDQnq05t
#PERSIB 
#bobotoh 
#Putin 
#Liga1 
#aremania 
Raffi Nagita PPP Sandiaga Uno",Jakarte
FatihGaleh,"@BosPurwa @prabowo @Gerindra Pengamat Sandiaga Uno dan gerindra putus asa lihat anies melejit sendiri.

#GerindraRasis 
#GerindraRasis https://t.co/WpAcVOR19E","Bandung, Jawa Barat"
liputan6dotcom,Alasan Menparekraf Sandiaga Uno Indonesia Bisa Antisipasi Resesi Global 2023 https://t.co/jUPtFW0MoP,INDONESIA
Faktorutama,"Mantap, Demi 1,4 Miliar Pergerakan Wisnus Menparekraf Sandiaga Uno Upayakan Tiket Pesawat Murah di Seluruh Indonesia - https://t.co/SWe4zRUfCx",
kompascom,"Dalam kaitannya dengan potensi resesi dunia 2023, Menparekraf Sandiaga Uno mengatakan, Indonesia masih dalam posisi yang kuat dan baik.

Namun, Sandiaga mewanti-wanti untuk tetap waspada adanya potensi pasar ekspor yang bakal melemah. &lt; #Money #SandiagaUno
https://t.co/Lcb6gP6qHI",Jakarta
jpnncom,"Soal Isu Berlabuh ke PPP-Capres, Sandiaga Uno Beri Jawaban Menohok #sandiagauno https://t.co/DR0YE4t8Nh",Indonesia
OkeBaliNews,"Sandiaga Uno Upayakan Harga Tiket Pesawat Murah Berlaku di Seluruh Provinsi di Indonesia Demi Target 1,4 Miliar di tahun 2023 - https://t.co/HIwcl4yxRP https://t.co/tncGUy81HF","Bali, Indonesia"
GuysSandi,"Penjualan meningkat berkat Endorse Mas Menteri üëè

#sandiagauno #sandiuno #kemenaprekraf #ekonomi #kreatif  #Indonesia #Twitter #viral #Trending #zonauang  #HUTBCA66 The Strokes #mentoring #business  #markets YOUR TYPE GAME Done All Rules https://t.co/C47T1Mog8V",
ColomaduKRA,"#Sandiaga Uno Minta Pengelola Jembatan Kaca Gunung Bromo Pastikan Keamanan Seusai Khofifah Terpeleset - https://t.co/uiWxT91JrS 
#Colomadu #Karanganyar 
https://t.co/z5CYOylgHm",
dikkambong_,"Saya titip ekonomi harus kita terus genjot. Ekonomi harus semakin lebih baik,"" ujar Sandiaga Uno melalui pengeras suara kepada simpatisan dan kader Partai Gerindra di lokasi.
#KitaGerindra #IkutPakde Prabowo Subianto",
GondangrejoKRA,"#Sandiaga Uno Minta Pengelola Jembatan Kaca Gunung Bromo Pastikan Keamanan Seusai Khofifah Terpeleset - https://t.co/lHJ4hQbMSy 
#Gondangrejo #Karanganyar
https://t.co/8WUWLsRyZp",
Prambors,"Sandiaga Uno Desak Harpitnas jadi Hari Libur Cuti Bersama
 
#PramborsNews 
https://t.co/4HCzOknAsx",Indonesia
RiauChannelcom,Menparekraf Sandiaga Uno: Persiapan F1PowerBoat Danau Toba Berjalan Optimal https://t.co/DFcPqezVLK,Pekanbaru
kompascom,Direktur Eksekutif IPO Dedi Kurnia Syah menilai PPP terus main mata ke Sandiaga Uno agar bergabung karena dianggap bakal dongkrak elektabilitas PPP https://t.co/MSTK854Qmr,Jakarta
harrispradana_,"Masyarakat yang hadir menyampaikan kepada Sandiaga Uno bahwa ekonomi harus dipastikan lebih bertumbuh, lapangan kerja tercipta, 
#KitaGerindra #IkutPakde Prabowo Subianto",
harrispradana_,"Sebagai kader Partai Gerindra, Sandiaga Uno menjelaskan dirinya hadir karena diundang Desmond #KitaGerindra #IkutPakde Prabowo Subianto",
harrispradana_,"Sandiaga Uno kemudian bertemu dengan masyarakat dan menerima masukan 
#KitaGerindra #IkutPakde Prabowo Subianto",
harrispradana_,"Saya titip ekonomi harus kita terus genjot. Ekonomi harus semakin lebih baik,"" ujar Sandiaga Uno melalui #KitaGerindra #IkutPakde Prabowo Subianto",
harrispradana_,"Hal itu didengarkan Sandiaga Uno saat bertemu warga dalam peringatan HUT ke-15 Partai Gerindra di Lapangan Griya Mahesa, Serang, Banten, Minggu (19/2/2023). 
#KitaGerindra #IkutPakde Prabowo Subianto",
Ninaang06470572,"Sandiaga Uno Janji Teruskan Aspirasi Rakyat &amp; Petinggi Gerindra Optimis Banten Tetap Jadi Lumbung Prabowo
#KitaGerindra #IkutPakde Prabowo Subianto https://t.co/rv4Ct3nQVV",
MerryRiana,"Di episode berikut, Sandiaga Uno berkesempatan untuk menanyakan satu pertanyaan kepada Merry Riana. Kira-kira apa ya pertanyaannya? Penasaran? Langsung saja tonton video berikut ini!
https://t.co/Owx2lwPRXm",Jakarta - Singapore
daoielle,"@Unotabels Hi, met sore &gt;__0!! namaku Danielle Marsh, lahir tahun 2005, dari group NewJeans, cita-cita keverif Unotabels. btw, ini oa punyanya Pak Sandiaga Uno kan yah? :O","XXIII, R."
TakPrihatinLagi,"@otongkoil Soekarno
Soeharto
Susilo Bambang Yudoyono
Sandiaga Uno
Sultan HB I-IX","Work From Home, Indonesia"
Gerindra,"Selain itu, turut hadir Ketua DPD Gerindra Banten, Desmond J Mahesa, Ketua Harian DPP Gerindra, Sufmi Dasco Ahmad, Wakil Ketua Dewan Pembina yang juga Menparekraf, Sandiaga Uno, dan anggota DPR Dapil Banten yakni, Martina dan Ali Zamroni.",Indonesia Raya 
andystwn4,"Dihadiri Sandiaga Uno, Gerindra Banten Rayakan HUT ke 15 dengan Bagi-bagi 22 Tiket Umroh
#KitaGerindra #IkutPakde Prabowo Subianto https://t.co/BZC3ZFTY5z",
Muhamma48288841,"Masyarakat yang hadir menyampaikan kepada Sandiaga Uno bahwa ekonomi harus dipastikan lebih bertumbuh,
#KitaGerindra #IkutPakde Prabowo Subianto",
kompascom,Sandiaga Uno akan mendorong realisasi penambahan libur pada hari kejepit nasional (Harpitnas) tahun ini. https://t.co/sZMdNI7GOF,Jakarta
ence_dwi,"@evylagi Waktu saya SD, menpar saat itu Joop Ave bukan Sandiaga Uno ü•≤",
zxnm88473822,"Di Depan Pimpinan Gerindra, Sandiaga Uno Jawab Isu Gabung ke PPP #KitaGerindra #IkutPakde Prabowo Subianto https://t.co/fX0RZQ3QDX",
IndianEmbJkt,"Untuk merayakan #IYM2023, kompetisi ""Masakan Indonesia Sehat dengan Millet"" diselenggarakan di Kedubes pada tanggal 20 Februari.

Duta Besar Manoj K Bharti dan Bapak Sandiaga Uno, Menteri Pariwisata dan Ekonomi Kreatif menyemarakkan acara tersebut dan membagikan hadiah.","Gama Tower, Jakarta"
IndianEmbJkt,"To celebrate the #IYM2023, a ""Healthy Indonesian cuisine with Millets"" competition was organised at the Embassy on 20th February. 

Ambassador Mr. Manoj K Bharti and H.E. Mr. Sandiaga Uno, Hon'ble Minister of Tourism and Creative Economy graced the event and distributed prizes. https://t.co/VYAk1RjgqB","Gama Tower, Jakarta"
kompascom,Menparekraf Sandiaga Uno memastikan persiapan pelaksanaan F1 PowerBoat Danau Toba berjalan optimal serta siap menyambut pembalap dan wisatawan. https://t.co/kqditpbP6c,Jakarta
voidotid,"Menteri Pariwisata dan Ekonomi Kreatif (Menparekraf) Sandiaga Uno mengatakan, persiapan kejuaraan dunia balap perahu motor F1 Powerboat World Championship (F1H2O)
https://t.co/IN7WnQZTaE https://t.co/HVFYqPmTA7","DKI Jakarta, Indonesia"
bilyssaputra1,"Dihadiri Sandiaga Uno, Gerindra Banten Rayakan HUT ke 15 dengan Bagi-bagi 22 Tiket Umroh
#KitaGerindra #IkutPakde Prabowo Subianto https://t.co/XG4ySrb5Fq","DKI Jakarta, Indonesia"
monitorindo,"Upaya Penyelamatan Industri Hotel Indonesia, Sandiaga Dorong Regulasi Hari Libur Nasional Berbasis Harpitnas   https://t.co/GGvTW6Myof #Menparekraf #SandiagaUno #IndustriHotel #Covid19 #PHRI #HIPMI #ASITA #IKMA",Jakarta
arakarakan69,"Sandiaga Uno Janji Teruskan Aspirasi Rakyat &amp; Petinggi Gerindra Optimis Banten Tetap Jadi Lumbung Prabowo
#KitaGerindra #IkutPakde Prabowo Subianto https://t.co/c42OOoqBRP",San Andreas
tempo_english,Sandiaga Uno Reminds CHSE Certification for Bromo Glass Bridge https://t.co/LM7d0xlIdS #TempoEnglish,"Jakarta, Indonesia"
artiasdeby3,"Dihadiri Sandiaga Uno, Gerindra Banten Rayakan HUT ke 15 dengan Bagi-bagi 22 Tiket Umroh
#KitaGerindra #IkutPakde Prabowo Subianto https://t.co/1TuVCdqXvh",
futkiaw,"Sementara itu, Ujang menilai Ridwan Kamil dan Sandiaga Uno sebagai kuda hitam cawapres 2024. Keduanya disebut terkendala maju sebagai cawapres karena tidak adanya partai politik (parpol) yang mau mengusung. #BersamaJuara #RKGolkar",Bangka 
sobat_sandi,"Pisang Goreng ‚ùé
Hihang Hoheng ‚úÖ

#sandiagauno #sandiuno #kemenaprekraf #ekonomi #kreatif  #Indonesia #Twitter #viral #Trending #zonauang Pagii Selasa Senin Don't Lie THEY NEED TO APOLOGIZE #HUTBCA66 #Food #kuliner #culinary #dessert https://t.co/se7jklcTRH",
neinaadella07,"Saya titip ekonomi harus kita terus genjot. Ekonomi harus semakin lebih baik,"" ujar Sandiaga Uno melalui pengeras suara kepada ribuan simpatisan dan kader Partai Gerindra yang hadir di lokasi.
#KitaGerindra #IkutPakde Prabowo Subianto",
detikcom,Menparekraf Sandiaga Uno mengungkit kembali kegagalannya dalam membangun usaha penerbangan. Maskapainya harus setop operasi hanya dalam dua tahun.  https://t.co/bnJv8nxVc7,"Jakarta, Indonesia"
erick140451997,"Sandiaga Uno Janji Teruskan Aspirasi Rakyat &amp; Petinggi Gerindra Optimis Banten Tetap Jadi Lumbung Prabowo
#KitaGerindra #IkutPakde Prabowo Subianto https://t.co/Y5U8ulTEsB",
ceklissatucom,Sandiaga Ungkap Penyebab Harga Tiket Pesawat Masih Tinggi #SandiagaUno #TiketPesawat https://t.co/Tn8EioHIto,"Bogor, Indonesia"
tempodotco,"Gubernur Khofifah Terpeleset di Jembatan Kaca Bromo, Sandiaga Uno Ingatkan Soal CHSE https://t.co/7pdYWIl1un #TempoTravel",Indonesia
KafegamaMM_JT,"Tulis bagaimana pendapat Sobat yuküòäüëá

#Kafegama #kafegamammugm #kafegamajateng #sandiagauno #sandiagasalahuddinuno #pertumbuhanekonomi https://t.co/BKWwFpX4mO",
Cerita_Parapuan,"Dorong Pariwisata, Sandiaga Uno Segerakan Penerbangan Langsung Indonesia ke India https://t.co/2yoFlCGej5",
pakSendi1,Huffffffü•µ https://t.co/7luWP4mgiA,Malaysia
GenMediaNetwork,"Menteri Pariwisata dan Ekonomi Kreatif Republik Indonesia,¬†Sandiaga Uno¬†ingin Indonesia menjadi kiblat¬†fesyen muslim¬†dunia.

https://t.co/GyEhHcZjCI","DKI Jakarta, Indonesia"
Economicreview_,"Diselenggarakan 7 Kota Besar, Sandiaga Dukung Festival Sinema Australia https://t.co/LW9cXnrWun #sandiagauno",Jakarta Capital Region
GuysSandi,"Dimentoring Mas Menteri langsung üëå‚úÖ

#sandiagauno #sandiuno #kemenaprekraf #ekonomi #kreatif  #Indonesia #Twitter #viral #Trending #zonauang Pagii Selasa Senin Don't Lie THEY NEED TO APOLOGIZE #HUTBCA66 The Strokes #mentoring #business #zonauang·Ö† https://t.co/5BLpo8NXPx",
voidotid,"Sandiaga Uno mengatakan, promo harga tiket pesawat yang turun tidak berlaku di semua provinsi di Indonesia, namun seiring dengan bertambahnya jumlah pesawat dan ketersedi... https://t.co/gUtUZSV50s","DKI Jakarta, Indonesia"
antaranews,"Menurut Sandiaga Uno, Indonesia memiliki segudang potensi untuk mendukung keinginan menjadi kiblat fesyen muslim dunia, mulai dari SDM hingga perancang busana yang andal.
https://t.co/ITt4wdp7Y8",NKRI
sobat_sandi,"Dikacangin ‚ùé
Makan Kacang ‚úÖ

#sandiagauno #sandiuno #kemenaprekraf #ekonomi #kreatif  #Indonesia #Twitter #viral #Trending #zonauang Pagii Selasa Senin Don't Lie THEY NEED TO APOLOGIZE #HUTBCA66 https://t.co/JfFJntmbMH",
alineadotid,"Sandiaga Uno pastikan F1 Powerboat siap digelar
https://t.co/yWMK3egoMw https://t.co/ZuUMv0QVht",Indonesia
faktualid_com,"Selamatkan Industri Perhotelan, Sandiaga Uno akan Dorong Harpitnas Direalisasikan
#sandiagauno #hotels https://t.co/flo2LeRZwo",Indonesia
antaranews,"Upaya menyelamatkan industri perhotelan di Indonesia, Sandiaga Uno mendorong regulasi hari libur nasional untuk bisa didapatkan paling tidak dua kali lagi pada tahun ini.

https://t.co/MnGt8LWg9d",NKRI
soloposdotcom,"Pernah Gagal, Sandiaga Uno Sebut Bisnis Penerbangan Paling Sulit Dijalankan https://t.co/fVAjgpE9Sb","Solo, Central Java, Indonesia"
jpnncom,Aksi Jaringan Sandi Uno Ciptakan Lapangan Kerja Baru di Cirebon #SandiagaUno https://t.co/n55zMEcMQm,Indonesia
BudiHer98,"Berikut elektabilitas cawapres versi SPIN: 1. Ridwan Kamil 17,2% ; 2. Erick Thohir 17,1% ; 3. Ganjar Pranowo 13,4% ; 4. Agus Harimurti 10,7% ; 5. Khofifah 4,1% ; 6. Anies Baswedan 3,5% ; 7. Puan Maharani 3,5% ; 8. Andika Perkasa 3,3% ; 9. Sandiaga Uno 2,9%.#BersamaJuara",Indonesia
fathw25,'Jalan Ninja' Sandiaga Uno | https://t.co/HW5vmFDI4L - https://t.co/YbZwuyrYBO https://t.co/5bDe4smz5V #IndonesiaKuat #BangkitBersama,
damarwuIan,Sandiaga Uno Gelorakan Prabowo Presiden di Banten #prabowo https://t.co/PwO2KuoXrW,„Ö§„Ö§„Ö§ „Ö§ „Ö§ „Ö§ „Ö§ „Ö§ „Ö§  
GercepSandiUno,"Danau Toba harum kembali di kancah Internasional üëè

#sandiuno #sandiagauno #kemenparekraf #ekonomi #kreatif #pariwisata #FYP #twitter #TrendingNow #trending #viralindo #viral #video #Content #tourism #vacation #StockMarket Senin Di Hati Rakyat https://t.co/IUJ0blpInY",
SINDOnews,"Menparekraf Sandiaga Uno soal Thailand Wajibkan Wisman Bayar Masuk ke Negaranya: Masih Kita Pantau

 #Sindonews #BukanBeritaBiasa .https://t.co/x7cBV7I1ga","Jakarta Pusat, DKI Jakarta"
ANTARABengkulu,Ternyata ini bisnis tersulit menurut Menparekraf Sandiaga Uno - ANTARA News Bengkulu https://t.co/lP8rdWRl4h,
elangnewscom,"https://t.co/k3KOrxRmDQ - Dibidik PPP, Sandiaga Uno Sebut Dirinya Patuh dan Tegak Lurus #elangnews https://t.co/WNWfajuZSf",Indonesia
SINDOnews,"Sandiaga Uno soal Khofifah Terpeleset di Jembatan Kaca Seruni Point: Perlu Antisipasi Kedepannya

 #Sindonews #BukanBeritaBiasa .https://t.co/JWUe5FuMIj","Jakarta Pusat, DKI Jakarta"
merdekadotcom,"Jangan sampai kelewat, open Mic akan diramaikan oleh Sandiaga Uno, Teten Masduki, Ganjar Pranowo, Khofifah Indar Parawansa, Ipuk Fiestandi dan dr. Khairul M.Kes!

 Link menonton https://t.co/NHvLrlePi2
-
#Merdekadotcom11Selaras #LebihPaham https://t.co/z1tiI8dowO",Indonesia
liputan6dotcom,Tanggapan Sandiaga Uno soal Antisipasi Resesi di Sektor Parekraf https://t.co/46KMRjsWX3,INDONESIA
SwaraPita,"Ketua Harian DPP Gerindra Sufmi Dasco Ahmad, Wakil Ketua Dewan Pembina yang juga Menparekraf Sandiaga Uno, dan anggota DPR Dapil Banten yakni Martina dan Ali Zamroni. 

Prabowo Subianto
#KitaGerindra
#BangkitBersama https://t.co/MzneA1JFSD",
tempodotco,"Persiapan F1 Powerboat Danau Toba, Sandiaga Uno: Semuanya On The Track https://t.co/bseWgCso6G #TempoBisnis",Indonesia
nonakentank,"@tanyakanrl vincent rompies, nicholas saputra, tyo nugros, chef juna, pak sandiaga uno, bhre sudjiwo",
Bisniscom,Menparekraf Sandiaga Uno menanggapi langkah pemerintah Thailand yang menarik biaya bagi turis asing yang akan masuk ke negaranya. https://t.co/2XxRvP8WIq,"Jakarta, Indonesia"
soffyajkt,"Karena tadi saya mendengar ada masukan untuk kita semua,"" kata Sandiaga Uno.  #KitaGerindra #IkutPakde Prabowo Subianto",
soffyajkt,Sandiaga Uno menyebut kehadirannya di acara karena diundang Desmond sebagai tuan rumah serta ada Ketua Harian Gerindra Dasco dan Sekjen Gerindra Ahmad Muzani. #KitaGerindra #IkutPakde Prabowo Subianto,
albert94953186,ujar Sandiaga Uno melalui pengeras suara kepada ribuan simpatisan dan kader Partai Gerindra yang hadir di lokasi. #KitaGerindra #IkutPakde Prabowo Subianto,
aceh_ardiansyah,"Hoax itu utang, Sandiaga Uno suka bohong","Nangro Aceh Darussalam, Indone"
Disuruh_Iben,PPP Sebut Pembicaraan Soal Sandiaga Uno antara Mardiono dan Prabowo Subianto Masih Disiapkan - Nasional Tempo https://t.co/6rxtlri2qN #IndonesiaKuat #BangkitBersama,Pulau Impian
Ini_ajunk,PPP Sebut Pembicaraan Soal Sandiaga Uno antara Mardiono dan Prabowo Subianto Masih Disiapkan - Nasional Tempo https://t.co/g8Eod7X6ND #IndonesiaKuat #BangkitBersama,jakarta
tribunjogja,Karena Dua Hal Ini Mardiono Ingin Ngajak Sandiaga Uno Gabung Partainya dan Jadi Capres dari PPP https://t.co/p8YK8GLVk8,Jl Jend Sudirman 52 Yogyakarta
neinaadella07,"Sandiaga Uno Janji Teruskan Aspirasi Rakyat &amp; Petinggi Gerindra Optimis Banten Tetap Jadi Lumbung Prabowo
#KitaGerindra #IkutPakde Prabowo Subianto https://t.co/WPyeQyJWEM",
tribunjogja,Penjelasan Plt Ketum PPP Soal Ajakannya kepada Sandiaga Uno untuk Menjadi Capres 2024 https://t.co/GRsM3EMuDF,Jl Jend Sudirman 52 Yogyakarta
wartapesona,Sandiaga Uno Menutup Ajang Indonesia Travel Fair. Transaksi Mencapai 54 Milyar dan Tiket Murah dan Promo Ludes https://t.co/nZXlsXgwhZ,Indonesia
bilyssaputra1,"Dicurhati Warga Soal Ekonomi Ketika Hadiri HUT ke-15 Gerindra, Sandiaga Uno: Saya Lapor Pak Prabowo
#IndonesiaKuat #IkutPakde Prabowo Subianto https://t.co/EU1P6URr2i","DKI Jakarta, Indonesia"
eranasionalcom,Alasan PPP Kenapa Ngebet Banget Ingin Nyalonin Sandiaga Uno Jadi¬†Capres https://t.co/eIpy3sMxcp,"Jakarta Selatan, DKI Jakarta"
Ninaang06470572,"Lalu, ada pula Menparekraf Sandiaga Uno (2,8%), Ketua DPR Puan Maharani (2,1%), Menko Perekonomian Airlangga Hartarto (2%), dan Ketua Umum PKB Muhaimin Iskandar (1,1%). #IndonesiaKuat #IkutPakde Prabowo Subianto",
gadotaja,"Wakil Ketua Dewan Pembina yang juga Menparekraf Sandiaga Uno, dan anggota DPR Dapil Banten yakni Martina dan Ali Zamroni.
#IndonesiaKuat #IkutPakde Prabowo Subianto","DKI Jakarta, Indonesia"
pyylahh1,"Sandiaga Uno Janji Teruskan Aspirasi Rakyat &amp; Petinggi Gerindra Optimis Banten Tetap Jadi Lumbung Prabowo
#IndonesiaKuat #IkutPakde Prabowo Subianto https://t.co/VgDJM5dBVM",
habib_syechrell,"Singgung Erwin Aksa dan Sandiaga Uno yang Bahas Utang Anies, Andi Sinulingga: Ada Problem Megalomania, Merasa Si Paling Hebat
https://t.co/gyRQPuLm5H",Tegal Jawa Tengah Indonesia
cR17imo,@SaburRahim @tempodotco gw ga percaya Anies üòÇüòÇüòÇ gw percaya kebenaran.. Anies bisa berbohong begitu pula Sandiaga Uno bisa berbohong.. kita lihat bagaimana mereka berargumen baru kita simpulkan.. itu aja otak loh ga bisa üòÇüòÇüòÇ https://t.co/eg3iFlVkVk,
cR17imo,@SaburRahim @tempodotco Kutip pernyataan pak Sandiaga Uno dong? tapi kok pak sandi sekarang diam? loh simpulkan sendiri.. kalau pak sandi diam seharusnya model seperti loh juga diam dongüòÇüòÇüòÇ,
cR17imo,"@SaburRahim @tempodotco Itu ashabul nujulnya, masa ga tahu.. makanya simak itu perkataan narasumber langsung ga hanya dari Anies tapi dari pak Sandiaga Uno juga.. ahh loh bukan muslim ahh?",
cR17imo,"@SaburRahim @tempodotco Anies itu di tawarkan, artinya bukan kemauan dia untuk berhutang,makanya adanya surat kontrak ini.. logikanya pak anies cagubnya jadi si pak Sandiaga Uno yang nebeng ke pak Anies. argumen dong yang benar pakai bukti bukan bacotüòÇüòÇüòÇ https://t.co/Je8eswFDet",
cR17imo,"@SaburRahim @tempodotco makanya gw bilang jangan kebanyakan nyari kabar dari orang lain yang tidak tahu menahu.. mending loh simak narasumber langsung, begitu juga simak perkataan dari pak Sandiaga Uno juga. silakan loh cerna itu 2 narasumber baru berasumsi üòÇüòÇüòÇ
https://t.co/hze4gKBM3R",
MinsooOcta,Sandiaga Uno Janji Teruskan Aspirasi Rakyat ke Prabowo #IndonesiaKuat #IkutPakde Prabowo Subianto https://t.co/ndxxIvyCXt,
ivooxid,PPP Disarankan Tak Lagi Berharap pada Sandiaga Uno https://t.co/tPGsIJUyjV,Jakarta
Akubknultramen,Sandiaga Uno siap jadi capres tapi tetap ikuti arahan Prabowo Subianto - ANTARA Nusa Tenggara Barat https://t.co/MyQbhV36TN #IndonesiaKuat #BangkitBersama,
TriandanaRildi,"""Bahkan jika isu kepindahan Sandiaga Uno ke PPP itu benar, maka potensi mengusung Prabowo-Sandi jilid II pun sangat terbuka lebar,‚Äù ucap Igor.

@prabowo

capres2024

pemilu2024

dekade08

terusmajubersamaprabowo

mendingprabowo

Prabowo Aja",
andystwn4,"HUT ke-15 Gerindra di Banten, Sandiaga Uno Janji Teruskan Aspirasi Rakyat ke Prabowo
#IndonesiaKuat #IkutPakde Prabowo Subianto https://t.co/qRYUL1EuAP",
mercifulove,"‚ÄúBiaya hidup mahal? Insyaallah dengan Gerindra, kita pastikan harga-harga terjangkau."" kata Sandiaga Uno.
#IndonesiaKuat #IkutPakde",
mercifulove,"""Lapangan pekerjaan masih susah? Nanti saya lapor ke Pak Prabowo."" kata Sandiaga Uno.
#IndonesiaKuat #IkutPakde",
harrispradana_,"Dan kita harus hadir memberikan solusi dan hadir berkunjung untuk rakyat,"" tutur Sandiaga Uno. #IndonesiaKuat #IkutPakde Prabowo Subianto",
harrispradana_,"Karena tadi saya mendengar ada masukan untuk kita semua,"" kata Sandiaga Uno.  #IndonesiaKuat #IkutPakde Prabowo Subianto",
harrispradana_,"ekonomi ke depan lebih baik, lapangan kerja tercipta. Semua mendapatkan berkah,"" kata Sandiaga Uno. #IndonesiaKuat #IkutPakde Prabowo Subianto",
harrispradana_,"Sandiaga Uno menanyakan kepada para peserta yang hadir mengenai lapangan pekerjaan,#IndonesiaKuat #IkutPakde Prabowo Subianto",
harrispradana_,"Ekonomi harus semakin lebih baik,"" ujar Sandiaga Uno melalui pengeras suara kepada simpatisan dan kader Partai Gerindra di lokasi. #IndonesiaKuat #IkutPakde Prabowo Subianto",
21BeritaTerkini,Mardiono Belum Bicara Empat Mata dengan Prabowo soal Nasib Sandiaga Uno https://t.co/eQt43rKdS7,
kompascom,Mardiono PPP mengaku belum berbicara empat mata dengan Ketua Umum Partai Gerindra Prabowo Subianto soal nasib Sandiaga Uno. https://t.co/FrNzDiG2UO,Jakarta
JojiLakers,Perjanjian utang piutang Anies ke Sandiaga Uno : Lunas Jika Menang Pilkada https://t.co/naZ9HjNh4F,
TriandanaRildi,"Sandiaga Uno: Prabowo bilang ""jangan provokasi"".

@prabowo

capres2024

pemilu2024

dekade08

terusmajubersamaprabowo

mendingprabowo

Lebih Baik Prabowo",
jpnncom,Sandiaga Uno Gelorakan Prabowo Presiden di Banten #prabowo https://t.co/JVc6cxZf9d,Indonesia
quantipian,"@analispolitik In that situation, we could imagine if the likes of Tifatul Sembiring, Fahri Hamzah, Jusuf Kalla, Ridwan Kamil, Sandiaga Uno, Andre Rosiade, Amien Rais, Zulkifli Hasan, etc use the word ""proletar"" in their rhetoric, and called their cadres and sympathizers ""kamerad"".",Dvƒ´pavara·πÉ YavƒÅkhyam
goodbli,"Uno Uno sandiaga Uno!! last minute! I hope the goddess of fortune is on my side. @holoself @MomoguroNFT 

And I say thanks to @Raymond_Eth  for the code üëÅÔ∏è https://t.co/exxSYnoqZG",Bali
ketikmedia,"Sandiaga Uno Buka Rakernas PB PRSI, Bersiap Jadwal Padat 2023

Sumber: https://t.co/rK3U5xhcxg | Media Kolaborasi Indonesia.
https://t.co/5S65xp2N07

#prsi #sandiaga #sandiagauno #rakernas #menteripariwisata #renang #olahraga #olahragarenang #renangindonesia #beritaterkini https://t.co/HoxhAZzrv6",
Kaltimtara_id,"Temui Sandiaga Uno, Ketua UMKM Berau Ceria Berharap Sandiaga Uno Datang ke¬†Berau https://t.co/ocR8oyA7C7",
neinaadella07,"HUT ke-15 Gerindra di Banten, Sandiaga Uno Janji Teruskan Aspirasi Rakyat ke Prabowo
#IndonesiaKuat #IkutPakde Prabowo Subianto https://t.co/bYxEJd4999",
pigijo_,"Makam Pangeran Jayakarta

Lokasi: Jalan Jatinegara Kaum Nomor 49, Kecamatan Pulo Gadung, Jakarta Timur. 

Makam Pangeran Jayakarta dikenal mjd favorit para pejabat utk berziarah. Bbrp pejabat yg pernah terlihat berziarah ke makam ini adalah Presiden Jokowi &amp; Mentri Sandiaga Uno. https://t.co/vhChkhGuZO",Jakarta Capital Region
WartaEkonomi,"Singgung Erwin Aksa dan Sandiaga Uno yang Bahas Utang Anies, Andi Sinulingga: Ada Problem Megalomania, Merasa Si Paling Hebat https://t.co/Ft5AGfPoKI","Jakarta, Indonesia"
JulduzW,"Sandiaga Uno: Prabowo bilang ""jangan provokasi"".

@prabowo

capres2024

pemilu2024

dekade08

terusmajubersamaprabowo

mendingprabowo

Lebih Baik Prabowo",
selenaire,@galedrea Sandiaga uno. ü•∫,the winds üå¨Ô∏è
detikcom,Isu Sandiaga Uno bakal merapat ke PPP belum sirna seiring asa Plt Ketua Umum PPP Mardiono masih ada. Begini respons teranyar dari Sandiaga.  https://t.co/Mr9mniPmXK,"Jakarta, Indonesia"
detikcom,Isu Sandiaga Uno bergabung dengan PPP kembali terdengar. Sandi pun memberikan penegasan dirinya mengikuti arahan pimpinan.  https://t.co/zq8V7w9ToR,"Jakarta, Indonesia"
BolaSportcom,"Dibuka Langsung oleh Sandiaga Uno, Rakernas PB PRSI 2023 Singgung Prestasi hingga Perubahan Nama https://t.co/DWcIoTZS8g",Indonesia
bolasportdotcom,"Dibuka Langsung oleh Sandiaga Uno, Rakernas PB PRSI 2023 Singgung Prestasi hingga Perubahan Nama https://t.co/CfZH75wj6l",
kutuLoncatJNR,"@KayanaDuris @Mdy_Asmara1701 Hahahaha lo kira Pada percaya akan Gorengan Kalian Bong
Poin 5
Poin 6
Poin 7
Sdh jelas Konteks'a 
Orang waras gak akan Percaya dengan Gorengan Kalian cebong tolol
Sandiaga Uno suruh bawa ke ranah Hukum
Jika Memang Itu hutang 
@mohmahfudmd Bila Perlu jika memang tak ada Muka",
Agamsyah1998,"Koalisi perubahan tukang ngutang PKS larikan 30 miliar duit fahri hamzah.
#sandiagAuno #AniesBaswedan https://t.co/tN3MNmFZEd","Bandung, Jawa Barat"
genx36545403,"menteri berkinerja baik lainnya seperti Menteri Pariwisata dan Ekonomi Kreatif Sandiaga Uno, Menteri Keuangan Sri Mulyani, Menteri Pendidikan, Kebudayaan, Riset, dan Teknologi Nadiem Makarim, dan Menteri BUMN Erick Thohir.

#IndonesiaKuat 
#BangkitBersama 
Prabowo Subianto","Setia Budi, Indonesia"
TRIBUNTravel,"Sandiaga Uno Cobain Pisang Goreng Makanan Penutup Terbaik di Dunia: Hihang Hoyeng Mantap
 
https://t.co/npbeammDjb via @TribunTravel","Jakarta, Indonesia"
ivooxid,Sandiaga Uno Harap Rakernas PRSI Hasilkan Rumusan Peningkatan Prestasi https://t.co/Jm3iBC6Dnd,Jakarta
Jalur31090106,@Paltiwest Wkwkwkwkwkwkwkwk...masih bahas ini...udah kelar bong...udh klarifikasi oleh sandiaga uno...,
TRIBUNTravel,"Tanggapan Sandiaga Uno Soal 2 Singa Ribut dan Tabrak Mobil Pengunjung Taman Safari Indonesia II Jatim
 
https://t.co/LmuekPXVfy via @TribunTravel","Jakarta, Indonesia"
listianingsieh,"Sandiaga Uno menegaskan akan mengikuti setiap arahan dan titah dari Prabowo karena pencapresan adalah ranah pimpinan parpol.

@prabowo

capres2024

pemilu2024

dekade08

terusmajubersamaprabowo

mendingprabowo

Prabowo Aja",Bandung
listianingsieh,"Sandiaga Uno mengungkapkan bahwa Ketua Umum Gerindra Prabowo Subianto sempat mengatakan ""jangan provokasi"".

@prabowo

capres2024

pemilu2024

dekade08

terusmajubersamaprabowo

mendingprabowo

Dukung Prabowo",Bandung
feputr,"""Bahkan jika isu kepindahan Sandiaga Uno ke PPP itu benar, maka potensi mengusung Prabowo-Sandi jilid II pun sangat terbuka lebar,‚Äù ucap Igor.

@prabowo

capres2024

pemilu2024

dekade08

terusmajubersamaprabowo

mendingprabowo

Prabowo Aja",Aceh
WartaEkonomi,Fahri Hamzah Diminta Urus Partainya Sendiri daripada Terus Koar-koar Perkara Utang Anies ke Sandiaga Uno https://t.co/QktbXrZj8T,"Jakarta, Indonesia"
Bytrendzid,"Partai Gerindra selesai menggelar pesta rakyat di rumah aspirasi Desmond J Mahesa. Sandiaga Uno menegaskan bahwa agenda itu sangat berdampak pada aspek UMKM.#bytrendz #partaigerindra #sandiuno #sandiagauno #umkm #BreakingNews 

https://t.co/C9qhtu5Ruk","Sidoarjo, Indonesia"
MWaratulhiza,"Sandiaga Uno menegaskan akan mengikuti setiap arahan dan titah dari Prabowo karena pencapresan adalah ranah pimpinan parpol.

@prabowo

capres2024

pemilu2024

dekade08

terusmajubersamaprabowo

mendingprabowo

Prabowo Aja",Jakarta
linebellla,"""Bahkan jika isu kepindahan Sandiaga Uno ke PPP itu benar, maka potensi mengusung Prabowo-Sandi jilid II pun sangat terbuka lebar,‚Äù ucap Igor.

@prabowo

capres2024

pemilu2024

dekade08

terusmajubersamaprabowo

mendingprabowo

Prabowo Aja",Bekasi
linebellla,"Diusung Capres oleh PPP, Sandiaga Uno: Saya Ikut Arahan Pak Prabowo.

@prabowo

capres2024

pemilu2024

dekade08

terusmajubersamaprabowo

mendingprabowo

Prabowo Lebih Baik",Bekasi
linebellla,"""Bahkan jika isu kepindahan Sandiaga Uno ke PPP itu benar, maka potensi mengusung Prabowo-Sandi jilid II pun sangat terbuka lebar,‚Äù kata Igor.

@prabowo

capres2024

pemilu2024

dekade08

terusmajubersamaprabowo

mendingprabowo

Lebih Baik Prabowo",Bekasi
FisyaWarna,"Sandiaga Uno: Prabowo bilang ""jangan provokasi"".

@prabowo

capres2024

pemilu2024

dekade08

terusmajubersamaprabowo

mendingprabowo

Lebih Baik Prabowo",
LunaFida1,"Sandiaga Uno: Prabowo bilang ""jangan provokasi"".

@prabowo

capres2024

pemilu2024

dekade08

terusmajubersamaprabowo

mendingprabowo

Lebih Baik Prabowo",Surabaya
linebellla,"Sandiaga Uno: Prabowo bilang ""jangan provokasi"".

@prabowo

capres2024

pemilu2024

dekade08

terusmajubersamaprabowo

mendingprabowo

Lebih Baik Prabowo",Bekasi
MeiriskaWuland1,"Sandiaga Uno juga mengungkapkan bahwa ke depannya masih bertahan di Gerindra dan belum ada keinginan untuk berpindah.

capres2024

pemilu2024

dekade08

terusmajubersamaprabowo

mendingprabowo

Dukung Prabowo",
putriren_99,"Sandiaga Uno mengungkapkan bahwa Ketua Umum Gerindra Prabowo Subianto sempat mengatakan ""jangan provokasi"".

capres2024

pemilu2024

dekade08

terusmajubersamaprabowo

mendingprabowo

Dukung Prabowo",
waybud09,"""Bahkan jika isu kepindahan Sandiaga Uno ke PPP itu benar, maka potensi mengusung Prabowo-Sandi jilid II pun sangat terbuka lebar,‚Äù kata Igor.

capres2024

pemilu2024

dekade08

terusmajubersamaprabowo

mendingprabowo

Lebih Baik Prabowo",
ErikJordian,"Sandiaga Uno mengungkapkan bahwa Ketua Umum Partai Gerindra Prabowo Subianto sempat mengatakan ""jangan provokasi"".

capres2024

pemilu2024

dekade08

terusmajubersamaprabowo

mendingprabowo

Prabowo Lebih Baik",Palembang
SamiraDiana4,"Sandiaga Uno: Prabowo bilang ""jangan provokasi"".

capres2024

pemilu2024

dekade08

terusmajubersamaprabowo

mendingprabowo

Lebih Baik Prabowo",Bandung
sukardin76,Sandiaga Uno Umumkan Walikota Cilegon Pindah ke Gerindra https://t.co/HCW8Bvk05p,tangerang
antaranews,Sandiaga Uno harap Rakernas PRSI hasilkan rumusan peningkatan prestasi https://t.co/X7ZemRlQ4M,NKRI
ShafaPradifa,"""Bahkan jika isu kepindahan Sandiaga Uno ke PPP itu benar, maka potensi mengusung Prabowo-Sandi jilid II pun sangat terbuka lebar,‚Äù kata Igor.

capres2024

pemilu2024

dekade08

terusmajubersamaprabowo

mendingprabowo

Lebih Baik Prabowo",
WartaEkonomi,"Erwin Aksa dan Sandiaga Uno Buka Rahasia Utang Anies Baswedan, Sentilan Andi Sinulingga: Jadi Merasa Paling Hebat... https://t.co/5KOwzVdNUi","Jakarta, Indonesia"
AzharShafira,"Sandiaga Uno mengungkapkan bahwa Ketua Umum Partai Gerindra Prabowo Subianto sempat mengatakan ""jangan provokasi"".

capres2024

pemilu2024

dekade08

terusmajubersamaprabowo

mendingprabowo

Prabowo Lebih Baik",
puput_ap1,"Sandiaga Uno: Prabowo bilang ""jangan provokasi"".

capres2024

pemilu2024

dekade08

terusmajubersamaprabowo

mendingprabowo

Lebih Baik Prabowo",
JuwitaSiregar15,"""Bahkan jika isu kepindahan Sandiaga Uno ke PPP itu benar, maka potensi mengusung Prabowo-Sandi jilid II pun sangat terbuka lebar,‚Äù ucap Igor.

capres2024

pemilu2024

dekade08

terusmajubersamaprabowo

mendingprabowo

Prabowo Aja",
AyuNateli,"Sandiaga Uno mengungkapkan bahwa Ketua Umum Gerindra Prabowo Subianto sempat mengatakan ""jangan provokasi"".

capres2024

pemilu2024

dekade08

terusmajubersamaprabowo

mendingprabowo

Dukung Prabowo",
NovitaWulan992,"""Bahkan jika isu kepindahan Sandiaga Uno ke PPP itu benar, maka potensi mengusung Prabowo-Sandi jilid II pun sangat terbuka lebar,‚Äù kata Igor.

capres2024

pemilu2024

dekade08

terusmajubersamaprabowo

mendingprabowo

Lebih Baik Prabowo",
Taramapu,"Sandiaga Uno mengungkapkan bahwa Ketua Umum Partai Gerindra Prabowo Subianto sempat mengatakan ""jangan provokasi"".

capres2024

pemilu2024

dekade08

terusmajubersamaprabowo

mendingprabowo

Prabowo Lebih Baik",
DimitriGhani,"""Bahkan jika isu kepindahan Sandiaga Uno ke PPP itu benar, maka potensi mengusung Prabowo-Sandi jilid II pun sangat terbuka lebar,‚Äù ucap Igor.

capres2024

pemilu2024

dekade08

terusmajubersamaprabowo

mendingprabowo

Prabowo Aja",Bandung
MagfiroNaila,"Sandiaga Uno juga mengungkapkan bahwa ke depannya masih bertahan di Gerindra dan belum ada keinginan untuk berpindah.

capres2024

pemilu2024

dekade08

terusmajubersamaprabowo

mendingprabowo

Dukung Prabowo",Garut
CSandhidea,"Sandiaga Uno juga mengungkapkan bahwa ke depannya masih bertahan di Gerindra dan belum ada keinginan untuk berpindah.

capres2024

pemilu2024

dekade08

terusmajubersamaprabowo

mendingprabowo

Dukung Prabowo",
AnastasiaPakar1,"Sandiaga Uno menegaskan akan mengikuti setiap arahan dan titah dari Prabowo karena pencapresan adalah ranah pimpinan parpol.

capres2024

pemilu2024

dekade08

terusmajubersamaprabowo

mendingprabowo

Prabowo Aja",
Sarbiil4,"Diusung Capres oleh PPP, Sandiaga Uno: Saya Ikut Arahan Pak Prabowo.

capres2024

pemilu2024

dekade08

terusmajubersamaprabowo

mendingprabowo

Prabowo Lebih Baik",
velakhrnisa_,"Sandiaga Uno mengungkapkan bahwa Ketua Umum Gerindra Prabowo Subianto sempat mengatakan ""jangan provokasi"".

capres2024

pemilu2024

dekade08

terusmajubersamaprabowo

mendingprabowo

Dukung Prabowo",Jakarta
antvklikdotcom,"Sandiaga Uno Buka Rakernas PB PRSI 2023, Pulih Lebih Cepat Menuju Akuatik Berprestasi https://t.co/ujVvxltDwV","Jakarta, Indonesia"
MagdalenaZiva,"Sandiaga Uno: Prabowo bilang ""jangan provokasi"".

capres2024

pemilu2024

dekade08

terusmajubersamaprabowo

mendingprabowo

Lebih Baik Prabowo",
OnlyFrens,Bg @ZUL_Hasan harga minyak goreng sedang digoreng sama sandiaga uno nih.,"Jakarta Capital Region, Indone"
plywtme,@moccaslime Sandiaga Uno,Bostonegoro
wartapesona,"Sandiaga Uno : Motif Kain Ulos Segera Mengangkasa! 
Sumber : @sandiuno 

 https://t.co/euJTX6Qctf",Indonesia
BincangPemilu,"Ahmad Muzani hadir membuka acara jalan sehat dan pesta rakyat ini. Turut hadir Ketua DPD Gerindra Banten, Desmond J Mahesa,Ketua Harian DPP Gerindra Sufmi Dasco Ahmad, Wakil Ketua Dewan Pembina/ Menparekraf Sandiaga Uno, dan anggota DPR Dapil Banten yakni Martina dan Ali Zamroni",
okezonenews,"HUT ke-15 Gerindra di Banten, Sandiaga Uno Janji Teruskan Aspirasi Rakyat ke Prabowo    #LengkapCepatBeritanya #BeritaTerkini #Berita #News #BeritaNasional . https://t.co/GVv6fmrYOu",Jakarta
jarangbercanda,@iyamrenzia Trus sekarang N nya dipake di N-max jadi sisa Sandiaga Uno ya. Iya.,Bali 
OfficialiNewsTV,"Gelar Pelatihan untuk Pelaku Usaha Parekraf, Sandiaga Uno: Tingkatkan Pemasaran Online di Bromo-Tengger-Semeru

https://t.co/LvZhAKqDUX",iNews Tower 
yuzinatalia,@Candra4smara Dulu sandiaga uno bayar pks 500 M,"Jakarta Selatan, DKI Jakarta"
virgandhi,"4 AS Ala Sandiaga Uno Biar Cepat Naik Kelas.

Kerja Keras, Kerja Cerdas, Kerja Tuntas dan kerja Ikhlas.

Gimana mas menteri @sandiuno apa udah cocok naik kelas? üôèüèªü´∞üèª

Pesta Rakyat Gerindra Banten (Graha Mahesa Serang - 19 Februari 2023) https://t.co/zz4QqTt5Ha",Jakarta Capital Region
IdTopmedia,"Kenangan Masa Lalu Walikota Cilegon Helldy Agustian Resmi Gabung Gerindra, Sandiaga Uno Pasang Muka Datar https://t.co/kW0UvRLzWP",Kota Serang
indeks_politika,"Selain itu, turut hadir Ketua DPD Gerindra Banten, Desmond J Mahesa, Ketua Harian DPP Gerindra Sufmi Dasco Ahmad, Wakil Ketua Dewan Pembina yang juga Menparekraf Sandiaga Uno, dan anggota DPR Dapil Banten yakni Martina dan Ali Zamroni.",
NKRI_jaya,Halal buat #BapakPolitikIndentitas ? mau banget menang pilkada pakai utang tak perlu bayar sandiaga uno ? @kumparan https://t.co/tywYt5NpFk,Jakarta Capital Region
DKliktivisme,"Selain itu, turut hadir Ketua DPD Gerindra Banten, Desmond J Mahesa, Ketua Harian DPP Gerindra Sufmi Dasco Ahmad, Wakil Ketua Dewan Pembina yang juga Menparekraf Sandiaga Uno, dan anggota DPR Dapil Banten yakni Martina dan Ali Zamroni.",
lusyuxiao,@misterisociety sandiaga uno pls,#90ST ft. fixateurs
autokrat_not,"Selain itu, turut hadir Ketua DPD Gerindra Banten, Desmond J Mahesa, Ketua Harian DPP Gerindra Sufmi Dasco Ahmad, Wakil Ketua Dewan Pembina yang juga Menparekraf Sandiaga Uno, dan anggota DPR Dapil Banten yakni Martina dan Ali Zamroni.",
bersihkan_indo,"Misalnya pada pemilihan presiden 2019, pemain kunci di industri batubara memainkan peranan penting dalam tim inti kampanye Joko Widodo-Ma‚Äôruf Amin maupun Prabowo Subianto-Sandiaga Uno.",
politikngaji2,"Selain itu, turut hadir Ketua DPD Gerindra Banten, Desmond J Mahesa, Ketua Harian DPP Gerindra Sufmi Dasco Ahmad, Wakil Ketua Dewan Pembina yang juga Menparekraf Sandiaga Uno, dan anggota DPR Dapil Banten yakni Martina dan Ali Zamroni.",
okezonenews,"Sandiaga Uno Dorong Pembiayaan UMKM dan Ekraf di Pasar Modal

https://t.co/t5jSAE1Jiv",Jakarta
f_fathur,"@ari_sup @aniesbaswedan @AgusYudhoyono Pilgub DKI dari orang sama sekali belum tau AHY - Silvi, tapi mesin partai bisa menghasilkan 17,05% lawan lawannya Ahok-Djarot 42,91 % dan Anies Baswedan-Sandiaga Uno 40,05% 
Orang baru dan belum pernah dikenal bisa diatas 15%.. dan tidak ada sentimen negatif.","DKI Jakarta, Indonesia"
emakemaksandi,"Tips usaha bertahan di tengah Ekonomi Sulit dari Mas Menteri üëåüí™

#sandiagauno #sandiuno #kemenparekraf #Ekonomi #kreatif #Twitter #FYP #picture #PictureOfTheDay #quoteoftheday #Tips #economy #struggling https://t.co/4lbTl7JCho",
GuysSandi,"Tetap konsisten,humble dan santun - @sandiuno 

#sandiagauno #sandiuno #kemenparekraf #Ekonomi #kreatif #Twitter #FYP #quotes #quoteoftheday #picture #picoftheday https://t.co/pRe0rsS5pV",
sqmjake,"@xjunghwan belum syit, elu pake sandi apa si? Sandiaga Uno?","""act, III/VII : ÏóîÌïòÏù¥Ìîà"" CHERISH."
sobat_sandi,Baru saja mengirim foto https://t.co/FoTtheGMUs,
Agamsyah1998,"Tidak berkomitmen.
#sandiaga #sandiuno #sandiagauno #pilpres2024 https://t.co/GBLbOykKln","Bandung, Jawa Barat"
voidotid,Isu utang Anies Baswedan kepada Sandiaga Uno sebesar Rp50 miliar sempat menjadi perbincangan hangat di Twitter. Netray menemukan 16.094 twit dalam pantauannya selama periode 1-15 Februari 2023 denga... https://t.co/0luhe9r3ik,"DKI Jakarta, Indonesia"
KabarBanten72,"Bertemu Helldy Agustian, Sandiaga Uno : Luar Biasa, Sudah Bergabung Dengan Partai Gerindra https://t.co/pInkUPJVqU","Kota Serang, Banten"
sojunghwun,@ivbaal BENER ANJRIT MATA GW BUTA NYARI DARI SANDI ABJAD SAMPE SANDIAGA UNO,Hidup bersama buddy. 
detikcom,"Gerindra menggelar pesta rakyat dalam rangka peringatan HUT ke-15 di Kota Serang, Banten. Ketua Harian Dasco hingga Wakil Dewan Pembina Sandiaga Uno hadir.  https://t.co/gY7GSJoqJB","Jakarta, Indonesia"
Suarajelata1,"Sekjen Partai Gerindra Ahmad Muzani turut hadir membuka acara jalan sehat dan pesta rakyat ini. Selain itu, turut hadir Ketua DPD Gerindra Banten, Desmond J Mahesa, Ketua Harian DPP Gerindra Sufmi Dasco Ahmad, Wakil Ketua Dewan Pembina yang juga Menparekraf Sandiaga Uno,","Sinjai, Sulawesi Selatan"
KabarBanten72,"Hadiri HUT Partai Gerindra di Kota Serang, Wali Kota Cilegon Helldy Agustian dapat Wejangan dari Sandiaga Uno https://t.co/aGLQOFmO6m","Kota Serang, Banten"
detikcom,Sandiaga Uno menjawab soal isu dirinya gabung ke PPP di depan pimpinan partai. Sandiaga menegaskan dirinya masih tetap tegak lurus dengan perintah partai.  https://t.co/DfV69wMXXH,"Jakarta, Indonesia"
KabarBanten72,"Hadir dalam Acara HUT Partai Gerindra di Kota Serang Banten, Ini Pesan Sandiaga Uno dan Sufmi Dasco Ahmad https://t.co/rc3H3hTVaN","Kota Serang, Banten"
fajaronline,"Sentil Erwin Aksa dan Sandiaga Uno, Andi Sinulingga: Orang yang Ngomong Utang Kampanye Kekanak-kanakan https://t.co/iTfbwOZygw","Jakarta, Indonesia"
kerangkapikir,"Sentil Erwin Aksa dan Sandiaga Uno, Andi Sinulingga: Orang yang Ngomong Utang Kampanye Kekanak-kanakan https://t.co/PjqnhNABTu",
fajaronline,"Sentil Erwin Aksa dan Sandiaga Uno, Andi Sinulingga: Orang yang Ngomong Utang Kampanye Kekanak-kanakan https://t.co/D0bESog4kn #50M #AndiSinulingga #AniesBaswedan #Pemilu2024","Jakarta, Indonesia"
sukardi22121625,Sandiaga Uno Umumkan Walikota Cilegon Pindah ke Gerindra https://t.co/7hfsSmcHOF,
xix0_3,"@Harsarchjazz1 @fadlizon @andre_rosiade Hubungan silahturahmi Fadly Zon dan Aniesbaswedan sangat baik dan dijaga berkelanjutan, tidak seperti Sandiaga Uno, seperti MENJAUHI Aniesbaswedan entah apa sebabnya?? https://t.co/eDiR8fKKw7",Kaki Langit
stillwithkazuha,"Kegiatan random hari ini, ke kokas ada Sandiaga Uno https://t.co/dqchVkDWFu","22‚Üë 
She/Her 
EN/ID
AR 59 | Asia 
Not strictly Genshin-related"
BobyTrihandoyo,"Kesetiaan adalah yang utama brooo...
makanya jangan mencla mencle ..

#SandiagaUno #WonderfullIndonesia #BangkitBersamaKemenparekraf #DiIndonesiaAja #Gerindra #Cawapres https://t.co/tZjliTNy2X",
Nidaauliah_,"Banyak turis India menikah di Bali, gimana ya tanggapa Sandiaga Uno selaku Kemneparekraf?
#Bali #indonesian #india #nikahan #weddingparty #romance #love 
https://t.co/M9Xz59OUNL",
Economicreview_,Sandiaga Uno Klaim Wisatawan Asing Ke Indonesia Naik 150 Persen https://t.co/zJxwH4Wg8e #sandiagauno,Jakarta Capital Region
Cahyokt4,"Pusiiiing kaaan... 
Makanyaaa setiaaa... 
hahahaha

#KritikSandi #Ruangsandi #SandiagaUno #WonderfullIndonesia #BangkitBersamaKemenparekraf #DiIndonesiaAja https://t.co/KJlRp3GuY3",
codesvein,"@utdfocusid gua di miripin sama sandiaga uno sama nenek gua trus temen gua bilang gua jelek, kesimpulannya pak sandiaga uno jelek ya karena mirip gua ?",Indonesia
sekalachandra,@jelitapu Sandiaga uno kh,ùòàùò≠ùò≠ùò¶ùòµùòµùò¢ùò≥ùò¶. Sndsmp
cirebonrayacom,"Menparekraf Sandiaga Uno Hadiri Harlah PPP, AMK Menilai Layak Jadi Pemimpin Masa Depan
https://t.co/33niCgvGRj
Minggu",Cirebon
GuysSandi,"Prabowo izinkan Sandi pindah ke PPP? ..

#sandiagauno #sandiuno #kemenparekraf #Ekonomi #kreatif #Twitter #FYP #Video Prabowo Subianto #viral #success #politik #indonesia  Tulus Utamakan Rakyat Minggu Hapsun #podcast https://t.co/KW78WH4uSh",
emakemaksandi,"Kita perlu penyesuaian dan pahami perilaku uniknya...

#sandiagauno #sandiuno #kemenparekraf #Ekonomi #kreatif #Twitter #FYP #Video #viral #success  #indonesia #zoo #animal #animals Tulus Utamakan Rakyat Minggu Hapsun https://t.co/FLcfn1pECZ",
Indolin_id,"Menparekraf Sandiaga Uno Hadiri Harlah PPP ke-50 di Gowa, AMK Menilai Layak Jadi Pemimpin Masa Depan
https://t.co/qc9RrMxWQA",Jakarta
AsepSeptiyana_,"waddduuhh parah nih guys, seperti kacang lupa pada kulitnya ya üòåüòåüòå #sandiaga #sandiagauno #kemenparekraf #wonderfulindonesia #IndonesiaJuara #IndonesiaMaju https://t.co/IlnNUEo13K",
AdeFauzyAhmad,"Pusing Bro Pusing....!!!
#sandiagauno #pusing #Pilpres2024 #sandi https://t.co/ztuSYHYBOm",
rahmadhdyt709,"bagaikan kacang lupa kulitnya!! sandiaga uno dikabarkan bakal pindah dari gerindra ke partai ppp.
#sandiagauno #sandiagapenghianat #gerindra #ppp #sandiagangebetjadicapres #politikus #bapakidentitaspolitik https://t.co/uSlrCOV2OQ",
SunghoonRemedy,@NanaaRemedy Sandiaga Uno. ü•∫,"Scripted Only, 2002."
MikamiRambo,"@MayaA62580468 Sandiaga Uno aja 500m
Masa ini  cuma 15 doang",Jakarta Capital Region
YUTAcounts,@KARINAcounts @JISUNGcounts Sandiaga Uno kalau wibu pasti jadi Sandiaga A‚Äîano...üëâüëàüò≥,1995 ‚Äî For:
seokwoio,@misterisociety Tambah lagi sandiaga uno,fixateurs
astarte2017,"Turut hadir dalam acara tersebut Menkopolhukam Mahfud Md, Mensesneg Pratikno, Menteri Agama Yaqut Cholil Qoumas, Menhan Prabowo Subianto, Mendag Zulkifli Hasan, Menparekraf Sandiaga Uno, Menteri Investasi Bahlil Lahadalia, Menteri BUMN Erick Thohir. 
#IndonesiaMaju 
#jokowi https://t.co/W4rxbBYTip",Jakarta
NKRI_jaya,Berhutang pasti ditagih Sandiaga Uno #bapakPolitikIndentitas Indonesia @CNNPolitics,Jakarta Capital Region
Citralokadwipa,"Turut hadir dalam acara tersebut Menkopolhukam Mahfud Md, Mensesneg Pratikno, Menteri Agama Yaqut Cholil Qoumas, Menhan Prabowo Subianto, Mendag Zulkifli Hasan, Menparekraf Sandiaga Uno, Menteri Investasi Bahlil Lahadalia, &amp; Menteri BUMN Erick Thohir. 
#IndonesiaMaju 
#Jokowi https://t.co/VAPAGwC8le",Jakarta
ekodj373,"@musniumar Apa sdh kamu tanya satu per satu Mus , kalau itu tdk dibayar semuanya....Oh ya mungkin paling itu dpt uang dari Sandiaga Uno yg pura-pura pikun tdk dibayar oleh Anies MusüòÅüòÜü§£ü§£üôèüôè",
lingga_susilo,"Waduhhhh pakkk, lebih baik ga usah ngapain¬≤ pak. #Sandiagauno #Sandigagal #sandiacting #Hollywood #acting #Pilpres2024 #CariSuara https://t.co/feQFsVwFfd",
LunaFida1,"Achmad Baidowi mengatakan, pihaknya mengundang Ketua Umum Partai Gerindra Prabowo Subianto dan Sandiaga Uno untuk menghadiri perayaan puncak Harlah ke-50 PPP.

@prabowo

capres2024

pemilu2024

dekade08

terusmajubersamaprabowo

mendingprabowo

Prabowo Aja",Surabaya
superUnknownnn,"ANIES DAN KORUPSI APBD DKI

Semakin jelas motivasi @aniesbaswedan utk korupsi APBD DKI selama 2017-2022 adalah untuk membayar utang kepada Sandiaga Uno dan Yusuf Kalla

@KPK_RI 
@KejaksaanRI 
@BAWASLUDKI_JKT 
@dprddkijakarta 

 https://t.co/qIHebbJzmR",superUnknown
andrikingo77,"Waduh kok bisa-bisanya yaa Sandiaga pindah partai gitu aja, kaya gaada ingetnya jasa partai yang sebelumnya.. #kacanglupakulit #sandiagauno #sandiwara #ppp #gerindra #pindahpartai #sandiwaraterus #prabowo  #rumahdp0 #jakarta https://t.co/ntpHupDLzv",
linebellla,"Achmad Baidowi mengatakan, pihaknya mengundang Ketua Umum Gerindra Prabowo Subianto dan Sandiaga Uno untuk menghadiri perayaan puncak Harlah ke-50 PPP.

@prabowo

capres2024

pemilu2024

dekade08

terusmajubersamaprabowo

mendingprabowo

Lebih Baik Prabowo",Bekasi
yw7ehdak0end1uj,"Mimpi gala dinner sama Erick Tohir, Sandiaga Uno, dll. Trs pulangnya dianter naik dokar berdua sama Jokowi. Sampe depan rumah difotoin sama Mamah, tapi ga kesimpen. Jadinya aku video, tapi hilang juga. Terus mulai mikir konspirasi dihapus sama pemerintah foto &amp; videonya. Apasih..",
LiliaFatima4,"Achmad Baidowi mengatakan, pihaknya mengundang Ketua Umum Partai Gerindra Prabowo Subianto dan Sandiaga Uno untuk menghadiri perayaan puncak Harlah ke-50 PPP.

@prabowo

capres2024

pemilu2024

dekade08

terusmajubersamaprabowo

mendingprabowo

Prabowo Aja",Jakarta
MuthiaRamdini3,"Achmad Baidowi mengatakan, pihaknya mengundang Ketua Umum Partai Gerindra Prabowo Subianto dan Sandiaga Uno untuk menghadiri perayaan puncak Harlah ke-50 PPP.

@prabowo

capres2024

pemilu2024

dekade08

terusmajubersamaprabowo

mendingprabowo

Prabowo Aja",Bekasi
samiadjhi,"Ketua Umum PPP Mardiono sempat bercanda dengan Ketua Umum Partai Gerindra Prabowo Subianto untuk meminjam Sandiaga Uno di Pilpres 2024.

@prabowo

#capres2024

#pemilu2024

#dekade08

#terusmajubersamaprabowo

#mendingprabowo

Prabowo Lebih Baik",Subang
kluxkluk,"@Jhonkosmik biaya pilkada Pak Anies itu bukan uang Sandiaga Uno, jika Pak Anies kalah baru di tanggung oleh sandiaga uno, sbg hutang pak Anies..

padahal hal yang sama dilakukan Jokowi pada Pilkada 2012.
ada saat nya Pak SP buka borok semua di Pilprrs 2019

mana ada makan siang gratis
üëáüëáüëá https://t.co/P2OSrryCz9",Uzbekistan
marif_samsul,"@keuangannews_id Pada sambutan itu beliau mengatakan bahwa capres yg hadir pada acara harlah PPP lah yang beliau sebut, misalnya Prabowo, Erick Tohir, Sandiaga Uno fan AHY.  Karena saat itu Anies Baswedan tidak hadir maka tidak disebut.",
DavidFr86981125,"Sebenarnya ada perjanjian tertulis resmi yg ditanda tangani Anies dan Sandiaga Uno bahwa bila mereka menangkan pilkada Gub DKI waktu itu, utangnya untuk kampanye dinyatakan lunas.
Dgn demikian Anies tidak punya utang apapun kpd Sandiaga Uno.
https://t.co/V1bkf4k419 https://t.co/5sfYUzHwlg",
DaniyahIsmi,"Achmad Baidowi mengatakan, pihaknya mengundang Ketua Umum Partai Gerindra Prabowo Subianto dan Sandiaga Uno untuk menghadiri perayaan puncak Harlah ke-50 PPP.

capres2024

pemilu2024

dekade08

terusmajubersamaprabowo

mendingprabowo

Prabowo Aja",Surabaya
tiffagusti,"Achmad Baidowi mengatakan, pihaknya mengundang Ketua Umum Gerindra Prabowo Subianto dan Sandiaga Uno untuk menghadiri perayaan puncak Harlah ke-50 PPP.

capres2024

pemilu2024

dekade08

terusmajubersamaprabowo

mendingprabowo

Lebih Baik Prabowo",
irenefelicia16,"Ketua Umum PPP Mardiono sempat bercanda dengan Ketua Umum Partai Gerindra Prabowo Subianto untuk meminjam Sandiaga Uno di Pilpres 2024.

capres2024

pemilu2024

dekade08

terusmajubersamaprabowo

mendingprabowo

Prabowo Lebih Baik",
NolanArya,"Achmad Baidowi mengatakan, pihaknya mengundang Ketua Umum Gerindra Prabowo Subianto dan Sandiaga Uno untuk menghadiri perayaan puncak Harlah ke-50 PPP.

capres2024

pemilu2024

dekade08

terusmajubersamaprabowo

mendingprabowo

Lebih Baik Prabowo",
RidwanMubarok15,"Ketua Umum PPP Mardiono sempat bercanda dengan Ketua Umum Partai Gerindra Prabowo Subianto untuk meminjam Sandiaga Uno di Pilpres 2024.

capres2024

pemilu2024

dekade08

terusmajubersamaprabowo

mendingprabowo

Prabowo Lebih Baik",Kb. Garut
FrislyPutri,"Achmad Baidowi mengatakan, pihaknya mengundang Ketua Umum Partai Gerindra Prabowo Subianto dan Sandiaga Uno untuk menghadiri perayaan puncak Harlah ke-50 PPP.

capres2024

pemilu2024

dekade08

terusmajubersamaprabowo

mendingprabowo

Prabowo Aja",
SINDOnews,"Berpotensi Datangkan Wisatawan, Menparekraf Sandiaga Uno Dorong Optimalisasi Wisata Ziarah

 #Sindonews #BukanBeritaBiasa .https://t.co/XTvLlE60vl","Jakarta Pusat, DKI Jakarta"
SINDOnews,"Menparekraf Sandiaga Uno Dukung UMKM Kembangkan Peluang Melalui Kemasan yang Unik

 #Sindonews #BukanBeritaBiasa .https://t.co/2GMno2R8Qu","Jakarta Pusat, DKI Jakarta"
NaufalIiiqbal,"Achmad Baidowi mengatakan, pihaknya mengundang Ketua Umum Partai Gerindra Prabowo Subianto dan Sandiaga Uno untuk menghadiri perayaan puncak Harlah ke-50 PPP.

capres2024

pemilu2024

dekade08

terusmajubersamaprabowo

mendingprabowo

Prabowo Aja",Bogor
aesterniti,@JISUNGcounts sandiaga uno ü§≠,"Forevermore, Jennie Kim."
haelamarie,"Sandiaga Uno Saat Ini Masih di Partai Gerindra, Sempat Dikabarkan Mau ke PPP - https://t.co/3IE1tp1ri7 https://t.co/jIkZwzG6FG #IndonesiaKuat #BangkitBersama",Indonesia
Ini_ajunk,"Saat Ini Masih Kader, Gerindra Bantah Prabowo Subianto Restui Sandiaga Uno ke PPP - https://t.co/yg5uDlpVqV https://t.co/etZ6ZIxxOk #IndonesiaKuat #BangkitBersama",jakarta
ElizarIrnold,"@YudiSet16452924 Gw sbg mak2 jg ga rela duit gw ikut buat nyumbang dulu total 6jt , cm untuk dpt pemimpin pengecut @prabowo  dan @SandiagaUno",
mediaseleb,Menparekraf Sandiaga Uno Dukung UMKM Kembangkan Peluang Melalui Kemasan yang Unik https://t.co/l1lTstCv8y,
mprizHAH,@klugetkluget @closetowhy @BroBillyOscar Rawrrr sandiaga uno pun setujuuurrgghhh^!!!,Pearl Periwinkle
abdallaguntur,"@sandiuno Ngga salah unfoll sandiaga dari mulai masuk rejim, mantap... bukan kelas sandiaga uno nagih utang begitu",
news_wanheart,'Jangan Provokasi' Ucap Prabowo Usai Dengar Guyon PPP Mau Pinjam Sandiaga Uno Nyapres https://t.co/WNilslRL0H,
MNCkoranSINDO,Menparekraf Sandiaga Uno Dukung UMKM Kembangkan Peluang Melalui Kemasan yang Unik https://t.co/AaXQr6HwxA,"Jakarta, Indonesia"
news_wanheart,Sandiaga Uno Serahkan ke Prabowo dan Mardiono soal Harapan PPP https://t.co/MK4a5j1vVt,
soloposdotcom,"Saat Ini Masih Kader, Gerindra Bantah Prabowo Restui Sandiaga Uno ke PPP https://t.co/cCsQgOZyzD","Solo, Central Java, Indonesia"
okezonenews,Sandiaga Uno Dorong Pembiayaan UMKM dan Ekraf di Pasar Modal #LengkapCepatBeritanya #Keuangan #Ekonomi #Ekonomi #EkonomiIndonesia . https://t.co/t5jSAE1Jiv,Jakarta
guycalledmillan,ya Allah saya pengen punya pacar plsplspslspslslslsls,I lack social skills
Faktorutama,"Soal Pindah dari Gerindra ke PPP, Sandiaga Uno: Nanti Pak Mar Sama Pak Prabowo akan Bertemu - https://t.co/m9Jzgjw3vy",
okezonenews,"Dorong UMKM Hasilkan Produk Halal dan Thayyib, Sandiaga Uno: Kemasan Harus Unik #LengkapCepatBeritanya #GayaHidup #lifestyle #Travel #JalanJalan . https://t.co/3J3ddgZTzt",Jakarta
soloposdotcom,"Sandiaga Uno Saat Ini Masih di Partai Gerindra, Sempat Dikabarkan Mau ke PPP https://t.co/FBLFrrg98o","Solo, Central Java, Indonesia"
D_Nomads,"Tape uli buatanmu, sandiaga uno.",
KompasTV,"Diusulkan Jadi Capres oleh PPP, Begini Tanggapan Sandiaga Uno! https://t.co/L698v9BUVj",Indonesia
JeSuu99,@tanyarlfes Klo public figur ya cm baru pak sandiaga uno 2019/2020 lalu. Kelihatannya beliau muda kaya 30an gitu. E ternyata udah 40++ ya. Orangnya berkharisma gitu,
RiniNat86338343,"@aniesbaswedan @NasDem @PDemokrat @PKSejahtera Pak...  Di cari Sandiaga Uno tu.  . Ada yg mau di bicarakan...  
Jgn ngumpet di balik ketiak Relawan.",
RepelitaO,"Sebut Prabowo Subianto, Sandiaga Uno, Mahfud MD, dan Erick Thohir Sosok Capres-Cawapres, Jokowi: Saya Hampir Lupa Juga Ada Mas AHY https://t.co/JX2fpOcXCf",
BeritakanID_com,"'Jangan Provokasi' Ucap Prabowo Usai Dengar Guyon PPP Mau Pinjam Sandiaga Uno Nyapres
https://t.co/957AHI5yCk",Indonesia
thelcfr666,@tanyakanrl anton dan tetangga sandiaga uno https://t.co/zbbM36jxGA,"Kalimantan Timur, Indonesia"
sobat_sandi,"Bangga, Produk lokal tampil di acara MotoGP üëè

#sandiagauno #sandiuno #kemenaprekraf #ekonomi #kreatif #saturdaynight #MotoGP #motorsports #sports #Indonesia #Twitter #viral #Trending https://t.co/ZmihvH3z4w",
Johan_Vicx,@jokowi Pak prabowo sama sandiaga uno cocok tu..Pak Erick Tohir ok juga si,Indonesia
tvOneNews,Sandiaga Uno Hadir di Harlah PPP Sebagai Menteri Bukan Sebagai Kader Partai https://t.co/rD3b1blMjG,Pulo Gadung
suaramerdeka111,Bapak politik identitas tidak bayar utang 50 Miliar ke Sandiaga Uno üòÇ https://t.co/EtgIe98rZg,Mamuju
dekade_08,"Pak Prabowo dan Bang Sandiaga Uno Hadiri Harlah PPP sama sama. Mana lagi yang mau adu domba??? 

#prabowo #jokowi #indonesia #PPP #partaippp #isramiraj #IsraMiraj2023 #isramiraj1444h #dekade08 #mendingprabowo #terusmajubersamaprabowo https://t.co/ahwyKIYMR9","DKI Jakarta, Indonesia"
RepelitaO,'Jangan Provokasi' Ucap Prabowo Usai Dengar Guyon PPP Mau Pinjam Sandiaga Uno Nyapres https://t.co/lhFrOcnjka,
imediacyber,"Sandiaga Uno: Selamat Memperingati Isra Mikraj Kepada Seluruh Umat Islam
https://t.co/JCoKURKzVF","DKI Jakarta, Indonesia"
OposisiCerdas,"'Jangan Provokasi' Ucap Prabowo Usai Dengar Guyon PPP Mau Pinjam Sandiaga Uno Nyapres
https://t.co/w6Lsw6pt6g",
mang_ib,"Menteri Pariwisata dan Ekonomi Kreatif Sandiaga Uno, Menteri Investasi Bahlil Lahadalia, dan Menteri BUMN Erick Thohir. 

Tangerang, 17 Februari 2023
Biro Pers, Media, dan Informasi Sekretariat Presiden

Website: https://t.co/wNKRdoZeq6
YouTube: Sekretariat Presiden https://t.co/Q4x1RMdysm","Cirebon Barat, Indonesia"
demokrasicoid,"Sebut Prabowo, Erick Thohir, Mahfud Md, Sandiaga Uno dan AHY Sebagai Sosok Capres Cawapres, Jokowi Nggak Singgung Anies, Kenapa? https://t.co/GZLyRHZF5a",Indonesia
demokrasicoid,"Sebut Prabowo, Erick Thohir, Mahfud Md, Sandiaga Uno dan AHY Sebagai Sosok Capres Cawapres, Jokowi Nggak Singgung Anies, Kenapa? https://t.co/GZLyRHZ7fC",Indonesia
tribunnews,"""Tadi banyak guyon ya, sama Pak Prabowo juga ada, bahwa Pak Mardiono tadi menyampaikan, 'pinjam dulu (Sandi-nya)',"" ujar Sandi saat ditemui di ICE BSD, Tangerang, Jumat (17/2/2023). (ist)
#SandiagaUno #PrabowoSubianto

https://t.co/PE90DGS40E via @tribunnews",Indonesia
ACovasz,"@dr_meddocs @abu_waras @ganjarpranowo @aniesbaswedan Duit nya ngutanglah sama Sandiaga Uno 92 miliar, masa gk tau enteü§≠",
genx36545403,"Hal yang sama juga disampaikan oleh Wakil Ketua Dewan Pembina Gerindra Sekaligus Menteri Pariwisata n Ekonomi Kreatif Sandiaga Uno, bahwa tdk menutup kemungkinan partai lain akan ikut bergabung dalam koalisi Gerindra n PKB. 

#IndonesiaKuat 
#BangkitBersama 
Prabowo Subianto","Setia Budi, Indonesia"
warna_nusa,"Banyak Turis India Nikah di Bali, Sandiaga Uno: Pesona Bali Begitu Luar Biasa, seperti Magnet yang...

#SandiagaUno #Bali 
https://t.co/u5ctiFBgWa",Jl. Sumatera 118-120 Jember
PRFMnews,"Digelar di 7 Kota, Sandiaga Uno Dukung Ajang Festival Sinema Australia Indonesia 2023 https://t.co/9RsvsZK5vb","Bandung, West Java, Indonesia"
dinbudpar_rbg,"Salah satunya dengan didapatkannya sertifikat sebagai Desa Wisata binaan Kemenparekraf yang ditandatangani langsung oleh bapak Sandiaga Uno selaku Menteri Pariwisata dan Ekonomi Kreatif .

(+)",
greengoblin_21,Anies Baswedan selain utang janji dengan Prabowo juga utang duit dengan Sandiaga Uno https://t.co/rFn7i7dIte,
greengoblin_21,Anies Baswedan selain utang janji dengan Prabowo juga utang duit dengan Sandiaga Uno https://t.co/SNK1ztWEYR,
Riau24Com,"Pengakuan Sandiaga Uno: Prabowo Sebut ‚ÄòJangan Provokasi‚Äô ke Mardiono, Ada Apa? https://t.co/ocU1vVsdAI",Pekanbaru
fathw25,Sandiaga Uno Sebut Nasibnya di Pilpres 2024 di Tangan Prabowo ... - Media Etam https://t.co/1tsrD7vux4 #IndonesiaKuat #BangkitBersama,
ivooxid,"Disinggung Pencapresan, Sandiaga Uno: Prabowo Bilang Jangan Provokasi https://t.co/lgK2rGk1rZ",Jakarta
MarhanisSalean2,"@TheBest97311628 @cebongbuduk @bob_ichsan @UGMYogyakarta Erwin Aksa melemparkan bola panas , dikonfirmasi Sandiaga Uno, dikukuhkan Fadli Zon ..... 
https://t.co/wEBgeSPYim
Pantas selalu kelebihan bayar ..... https://t.co/1IDMUwhf8G","DKI Jakarta, Indonesia"
orbittweet_id,"Sandiaga Uno Ikut Bangga Ketika Banyak Orang India Datang ke Bali untuk Menikah!
@sandiuno #Bali #orbitindonesia 
https://t.co/dbMOJWq0rG",Jakarta
kumparan,Relawan Sandiaga Uno yang tergabung dalam 'Sandiuno Fans Club' menjadikan eceng gondok sebagai salah satu alternatif penghasilan tambahan keluarga dan menumbuhkan wirausaha baru. https://t.co/tjF7ytdLZa,
heraldindo,"Dibocorkan Sandiaga Uno, Plt Ketum PPP Berguyon soal Dirinya, Prabowo: Jangan¬†Provokasi https://t.co/OsfiUCPZ8K","Jakarta Selatan, DKI Jakarta"
andyyusuf22,"PPP Pinjam Sandiaga Uno untuk Capres 2024, Begini Reaksi Prabowo Subianto - https://t.co/3KhKmfCRiL https://t.co/ddcE8TuFzk",Surabaya   
andyyusuf22,"Diisukan Hengkang dari Gerindra, Sandiaga Uno Tegaskan Setia kepada Prabowo Subianto - https://t.co/TswkVCMK0B https://t.co/eWssO2CN5v",Surabaya   
andyyusuf22,"Di Tengah Gaduh Kabar Sandiaga Uno Nyapres, Prabowo Posting Foto Wajah serta Tulis Pesan Ini - MSN https://t.co/T1fPT4YRmt",Surabaya   
LaJaya75536516,"@democrazymedia Titipan istana bergabung diprabowo,ada sandiaga uno yang tiba tiba buka cerita tentang utang,ada joman yang masuk,datang lagi si sempak metah yang mulutnya kotor",
fajaronline,"Bawaslu Sebut Dana Rp50 Miliar Anies Masuk Pelanggaran Pidana, Tapi Tak Bisa Diusut https://t.co/9CFBOiRWMB #AniesBaswedan #Bawaslu #PilkadaDkiJakarta #SandiagaUno","Jakarta, Indonesia"
haelamarie,"Sandiaga Uno dan Prabowo Subianto Hadiri Harlah PPP, Mardiono Lontarkan Candaan Ini - Nasional Tempo https://t.co/Bj28J9Nr4K #IndonesiaKuat #BangkitBersama",Indonesia
WartaEkonomi,"Sebut Sandiaga Uno dan Mahfud MD Sosok Cawapres tapi Tidak Ada Nama AHY, Jokowi: Oh Iya Saya Lupa... https://t.co/rqUoq5ZEaN","Jakarta, Indonesia"
VIVAcoid,"Wakil Ketua Dewan Pembina Partai Gerindra, Sandiaga Uno, menanggapi adanya permintaan agar dirinya bergabung ke PPP. 

Selengkapnya: https://t.co/IgHoAmFelf 
___
#Vivacoid #Sandiaga #PPP https://t.co/U2IGKi5syN",
OposisiCerdas,"Sandiaga Uno Serahkan ke Prabowo dan Mardiono soal Harapan PPP
https://t.co/803tCID3oK",
tvOneNews,"Sandiaga Uno Hadiri Puncak Harlah ke-50 PPP, Waketum: Populer di Internal https://t.co/dnIfTx0qIg",Pulo Gadung
tvOneNews,"Sandiaga Uno Hadir Puncak Harlah ke-50 PPP, Waketum: Populer di Internal https://t.co/qH1PMiuoCL",Pulo Gadung
JadeKesuma,"Selain beliau menteri BUMN @erickthohir turut menghadiri pula presiden @jokowi, Menteri Pariwisata dan Ekonomi Kreatif Sandiaga Uno, Menteri Agama (Menag) Yaqut Cholil Qoumas.¬†
#BangkitBersamaET https://t.co/TKk7gW1Mep",
geliatnegeri,"Menteri Perdagangan Zulkifli Hasan, Menteri Pariwisata dan Ekonomi Kreatif Sandiaga Uno, Menteri Investasi Bahlil Lahadalia, dan Menteri BUMN Erick Thohir. https://t.co/FTZs8Ze6Xz",
haelamarie,"Isu Sandiaga Uno Mundur dari Partai Gerindra, PPP Izin Pinjem Kepada Prabowo - https://t.co/udz04Y7aVv https://t.co/EdMeDjKGMc #IndonesiaKuat #BangkitBersama",Indonesia
yahwa_id,Respons Mardiono Soal Peluang Sandiaga Uno Masuk PPP: Kami Punya Kewajiban Mengangkat Tokoh Nasional https://t.co/UpjsxtuuCM,"DKI Jakarta, Indonesia"
KompasTV,"Soal Peluang Pindah ke PPP, Sandiaga Uno: Itu Ranah Pimpinan, Pak Mardiono akan Bertemu Pak Prabowo https://t.co/7vHq8i6RE2",Indonesia
txtdarireyy,"@nusantara_one @JUKIORebon Bener dong. Kan kita selaku penjamin juga harus bisa menjamin kalo hutangnya bisa dibayar dimana kalo emang anis ga mampu bayar jadi mau ga mau si sandiaga uno yang tanggung jawab baik itu minta hutangnya ke anies atau bayarkan hutangnya.
Ini pendukungnya nalarnya pada kemana dah",
VIVAcoid,"Sandiaga Uno Muncul di Harlah PPP, Mardiono: Saya yang Rugi https://t.co/kR3TzRp0he",
hanahanifahlagi,"Sandiaga Uno dan Prabowo Subianto Hadiri Ulang Tahun ke-50 PPP, Ini Kata Mardiono https://t.co/LG18a1rpNK","Gambir, Indonesia"
fajarposmedia,@sandiuno | FPTV Network | Profil Sandiaga Uno: https://t.co/K616N7cnKS https://t.co/x6a13N1JNQ,Indonesia
tempo_english,Sandiaga Uno Talks of YouTube Content as Object for Bank Guarantee https://t.co/RBxRUhATED #TempoEnglish,"Jakarta, Indonesia"
ricko_liquid,"Diisukan Gabung PPP, Sandiaga Uno: Saya Ikuti Arahan Pimpinan

 #Sindonews #BukanBeritaBiasa .https://t.co/Tv2rVv1JzI","Purworejo, Indonesia"
SINDOnews,"Diisukan Gabung PPP, Sandiaga Uno: Saya Ikuti Arahan Pimpinan

 #Sindonews #BukanBeritaBiasa .https://t.co/NLqmHshNGm","Jakarta Pusat, DKI Jakarta"
tvOneNews,"Isu Sandiaga Uno Mundur dari Gerindra, PPP Izin Pinjem kepada Prabowo https://t.co/OSZ1zP1Jm7",Pulo Gadung
MomogiXY,"Menteri Pertahanan Prabowo Subianto, Menteri Perdagangan Zulkifli Hasan, Menteri Pariwisata dan Ekonomi Kreatif Sandiaga Uno, Menteri Investasi Bahlil Lahadalia, dan Menteri BUMN Erick Thohir. 

Tangerang, 17 Februari 2023 https://t.co/prl4TJ4j1J",
MahendraXY,"Menteri Pertahanan Prabowo Subianto, Menteri Perdagangan Zulkifli Hasan, Menteri Pariwisata dan Ekonomi Kreatif Sandiaga Uno, Menteri Investasi Bahlil Lahadalia, dan Menteri BUMN Erick Thohir. 

Tangerang, 17 Februari 2023 https://t.co/m7xn39LXAC",
tvOneNews,"Isu Sandiaga Uno Mundur dari Partai Gerindra, PPP Izin Pinjem Kepada Prabowo https://t.co/C1TAfGSUbj",Pulo Gadung
BYuliazman,"Mau minjam KUR harus ada jaminan BPKB motor atw mobil, jadi situ/SIUP buat apa?
Usaha jelas, rumah milik sendiri, dll
Kenapa dipersulit ya...
#umkm
#ukm
#sandiagauno https://t.co/bQrSe31bhj",
tempodotco,Sandiaga Uno Bicara Soal Hengkang ke PPP: Pak Mardiono dan Pak Prabowo Akan Bertemu https://t.co/54AO4FKWN5 #TempoNasional,Indonesia
RepelitaO,"Sebut Prabowo Subianto, Sandiaga Uno, Mahfud MD, dan Erick Thohir Sosok Capres-Cawapres, Jokowi: Saya Hampir Lupa Juga Ada Mas AHY https://t.co/NqG2Ial0rP",
Disuruh_Iben,"Prabowo Subianto:  Sandiaga Uno: Prabowo Subianto bilang ""jangan provokasi"" - ANTARA https://t.co/0jvlfLuDaD #IndonesiaKuat #BangkitBersama",Pulau Impian
antaranews,"Sandiaga Uno ungkap bahwa Ketua Umum Partai Gerindra Prabowo Subianto sempat mengatakan ""jangan provokasi"".

https://t.co/QFMcIJto1N",NKRI
Trust_riau,Sandiaga Uno: Prabowo Bilang  https://t.co/Afo3avE6P4 https://t.co/BgwNUCflKF,Indonesia
Ini_ajunk,Sandiaga Uno Serahkan ke Prabowo Subianto dan Mardiono soal Harapan PPP - RMOL https://t.co/T9On4720Ro #IndonesiaKuat #BangkitBersama,jakarta
GercepSandiUno,"Mas Menteri @sandiuno menyampaikan : Utamakan Kesejahteraan Rakyat.

@sandiuno 

#sandiuno #sandiagauno #kemenparekraf #ekonomi #kreatif #pariwisata #FYP #twitter #TrendingNow #trending #viralindo #viral #video #Content #tourism https://t.co/a4aQ7J8efY",
KompasTV,"Di Depan Prabowo, Plt Ketum PPP: Saya Rugi kalau Sandiaga Uno Hadir di Acara Partai https://t.co/AicVMQUCCV",Indonesia
KompasTV,"Hadir di Harlah PPP Pakai Batik Hijau, Arsul Sani sebut Sandiaga Uno Hadir Sebagai Menparekraf! https://t.co/kfrRo03nlD",Indonesia
fathw25,"Sandiaga Uno dan Prabowo Subianto Hadiri Harlah PPP, Mardiono ... - Nasional Tempo https://t.co/Aaulu9KEmY #IndonesiaKuat #BangkitBersama",
fathw25,"Jokowi, Erick Thohir, hingga Sandiaga Uno Hadiri Harlah ke-50 PPP - https://t.co/BeTkcI8aTu - https://t.co/BeTkcI8aTu https://t.co/91t166kthi #IndonesiaKuat #BangkitBersama",
fajaronline,"Sebut Prabowo Subianto, Sandiaga Uno, Mahfud MD, dan Erick Thohir Sosok Capres-Cawapres, Jokowi: Saya Hampir Lupa Juga Ada Mas AHY https://t.co/m94nsuu4qV #HarlahPPP #headline #Jokowi #MahfudMD","Jakarta, Indonesia"
ekokuntadhi1,"Pak Prabowo hadir. Sandiaga Uno hadir. Mahfud MD hadir. AHY juga hadir. 

Yang gak hadir hanya Ganjar dan Anies. https://t.co/rseKZrJZra",
Wit30789680,@firzahusainInc Kalo Yohanes menang jadi gubernur hutang lunas....? Masuk akal.... Karena kalo jd gubernur banyak proyek yg bisa menghasilkan cuan untuk yang memberikan hutang.  Mungkinkah orang memberikan uang nya yg milyaran dgn cuma cuma tanpa imbalan...? apakah cuma uang Sandiaga Uno.,Indonesia 
Emerald72063957,@republikaonline Sandiaga uno Pak.,
tempodotco,"Sandiaga Uno dan Prabowo Subianto Hadiri Harlah PPP, Mardiono Lontarkan Candaan Ini https://t.co/bMmpXw3ADi #TempoNasional",Indonesia
mznobal,@Kimjisoao Sandiaga uno,Bakker.
sobat_sandi,"Mas Menteri kena Roasting lagi? üßê

#sandiagauno #sandiuno #kemenparekraf #Ekonomi #kreatif #Twitter #FYP #Video #viral Jumat #friday #success #roasting #talkshow #trending #BreakingNews #today https://t.co/NT32aESfKX",
liputan6dotcom,"Plt Ketum Menyapa Sandiaga Uno, Peserta Harlah PPP Riuh Tepuk Tangan https://t.co/FEDZUclo6d",INDONESIA
GuysSandi,"Tips Investasi ala Mas Menteri @sandiuno üëå

#sandiagauno #sandiuno #kemenparekraf #Ekonomi #kreatif #Twitter #FYP #Video #viral Jumat #friday #success  #indonesia #podcast #invest #business #economics #Entrepreneur https://t.co/ZbGKM1sArS",
haelamarie,"Sandiaga Uno Dipastikan Hadiri Harlah PPP, Arsul Sani: Populer di PPP - Nasional Tempo https://t.co/dn4PAYsKjB #IndonesiaKuat #BangkitBersama",Indonesia
haelamarie,Panas Dingin Hubungan Sandiaga Uno dan Gerindra soal Pindah ke PPP - Metro TV News https://t.co/1BV9K3uAEx #IndonesiaKuat #BangkitBersama,Indonesia
emakemaksandi,"Masuk politik pilihan tersulit, tapi dilakukan Mas Menteri untuk membahagiakan orang tua dan Keluarga ü•∞

#sandiagauno #sandiuno #kemenparekraf #Ekonomi #kreatif #Twitter #FYP #Video #viral Jumat #friday #success  #indonesia #podcast #talkshow #family #Moms #politik #Motivation https://t.co/GHpMqN48nA",
monitorind,"Dihadapan Prabowo, Mardiono Sambut Sandiaga Uno di Harlah PPP¬†ke-50 https://t.co/ZZ4kwJzGP1",
KATADATAcoid,Sandiaga Uno Disambut Riuh Saat Hadiri HUT PPP https://t.co/GRtsHUa5TU,Jakarta
kumparan,"""Yang saya kenal ada Pak Prabowo. Yang saya tahu juga ada Pak Erick Thohir, yang saya tahu juga ada Pak Sandiaga Uno. #newsupdate #update #news #text https://t.co/QMxiky4hgZ",
detikcom,Plt Ketum PPP Mardiono menyapa Menparekraf Sandiaga Uno. Suasana Harlah ke-50 PPP pun langsung riuh saat nama Sandiaga disebut.  https://t.co/D66T7uqv0Y,"Jakarta, Indonesia"
jawapos,"Sandiaga Uno Hadiri Harlah PPP Ke-50, Mardiono: Saya Merasa Rugi https://t.co/aja1VP3IM6",Jakarta
fathw25,"Mardiono Sapa Sandiaga Uno, Peserta Harlah Ke-50 PPP Riuh - detikNews https://t.co/95fVsvdUBV #IndonesiaKuat #BangkitBersama",
MelatiGo,Ada pak sandiaga Uno Menteri Pariwisata dan Ekonomi kreatif yg juga turut hadir memeriahkan #HarlahEmasPPP semoga menambah semangat dan rasa kebersamaan ü§© https://t.co/TXJx6qvEgc,
YudhistiraDoddy,@republikaonline Iya betul sudah lama Pak Bawaslu ... Pak Erwin Aksa &amp; Sandiaga Uno tuh yg baru buka ke umum ... setelah jadi bola liar ... mereka lepas tangan ... btw itu dana pinjaman (bukan dana sumbangan) ...  yang dianggap lunas kalo menang pilkada ... dan harus dibayar kalo kalah pilkada,
wexdnesday,"Selain pelaksanaan hari lahir Partai Persatuan Pembangunan di wisata Malino dan banyak acara yang juga dilaksanakan, ternyata mendapatkan apresiasi dari Pak sandiaga Uno! #HarlahEmasPPP https://t.co/kmOOsDt07F",
mixdoriya,"Walaahahh keren banget loh guys?? Mulai dari Menteri seperti Pak sandiaga Uno, Presiden Joko Widodo juga turut hadir dalam acara Puncak hari lahir partai PPP #HarlahEmasPPP https://t.co/YNV9UGpnYT",
galinkxmama,Ini patut di acungkan jempol nih kalau Pelaksanaan hari lahir Partai Persatuan Pembangunan di wisata Malino mendapatkan apresiasi dari Pak sandiaga Uno #HarlahEmasPPP https://t.co/vdOiF6LtsG,
mbehms,"Para tokoh politik penting selain Pak Presiden Joko Widodo juga yang lain turut hadir seperti Pak sandiaga Uno aduh gak sabar banget nih jadi pengen datang juga

 #HarlahEmasPPP https://t.co/kqJ6ovy5G8",
Hamdiandra9,Pelaksanaan hari lahir Partai Persatuan Pembangunan yg akan di adakan di wisata Malino mendapatkan apresiasi dari Pak sandiaga Uno. #HarlahEmasPPP https://t.co/Ydwci4TA0v,"Swissvale, PA"
twidalufia,"Para tokoh politik penting selain Pak Presiden Joko Widodo juga yang lain turut hadir seperti Pak sandiaga Uno. Sukses selalu untuk PPP
 #HarlahEmasPPP https://t.co/og1YojBpZx",
CTeyuss,Menparekraf Pak sandiaga Uno juga ikut hadir lhoo guys dalam hari lahir ke-50 Partai Persatuan Pembangunan ini #HarlahEmasPPP https://t.co/LyytNYyAvZ,
Okta_Rst,"Para tokoh politik penting selain Pak Presiden Joko Widodo juga yang lain turut hadir seperti Pak sandiaga Uno. Keren, smoga PPP menjadi partai yg besar #HarlahEmasPPP https://t.co/2XxkFSbFhs",
GeblegI,"Pelaksanaan hari lahir PPP di wisata Malino mendapatkan apresiasi dari Pak sandiaga Uno, mantap... #HarlahEmasPPP https://t.co/VYLESE0dzq",
Dewisavitri7,Pak sandiaga Uno memberikan apresiasi kepada Partai Persatuan Pembangunan yang telah memilih destinasi wisata Malino dalam perayaan hari lahir di Sulsel #HarlahEmasPPP https://t.co/Dc3y4xyRPB,
aldaaulialubis,Wah ternyata pak sandiaga Uno Menteri Pariwisata dan Ekonomi kreatif juga turut hadir loh guys #HarlahEmasPPP https://t.co/TBUe5llTKx,
asari_2204,Para tokoh politik penting selain Pak Presiden Joko Widodo juga yang lain turut hadir seperti Pak sandiaga Uno #HarlahEmasPPP https://t.co/hUi6fDnJBn,
AkwarrZ,Menurut sandiaga Uno kegiatan pelaksanaan peringatan hari lahir ke-50 merupakan sebuah semangat dalam menyambut kontestasi politik #HarlahEmasPPP https://t.co/aTH2MXalj4,
FadelaUlani,"Mulai dari Menteri seperti Pak sandiaga Uno, Presiden Joko Widodo juga turut hadir dalam acara Puncak hari lahir partai #HarlahEmasPPP https://t.co/MTmON6sDtX",
Daniel81906045,"@sandiuno @Kemenparekraf Pak SANDIAGA UNO 

Ada orang mau bayar hutang nya ANIES BASWEDAN 

+62 877-9216-9026 nama nya satrio pak",
voidotid,"Menteri Pariwisata dan Ekonomi Kreatif (Menparekraf) sekaligus Wakil Ketua Dewan Pembina Partai Gerindra, Sandiaga Uno terpantau menghadiri acara Puncak Harlah ke-50 Partai Persatuan Pembangunan (PPP) di ICD... https://t.co/8VePXLHiNF","DKI Jakarta, Indonesia"
anadzihni,"#pisanggoreng
#nugget
#sandiagauno

Pisang Goreng Menjadi Dessert Goreng No.1 Dunia, Kalahkan Churros dan Donat https://t.co/XriUuXKwnL",
greengoblin_21,Anies Baswedan selain utang janji dengan Prabowo juga utang duit dengan Sandiaga Uno https://t.co/XdU9Nlqi73,
greengoblin_21,Anies Baswedan selain utang janji dengan Prabowo juga utang duit dengan Sandiaga Uno https://t.co/idY2I6xOeI,
KiaPutriza,"Anies Baswedan Tak Mampu Bayar Utang 50 M ke Sandiaga Uno, Kini Berlindung Dibelakang Surya Paloh
apriyani
Ratu Tisha
Reply 1988
TVRI
B.A.P https://t.co/WggrMbSnb0",Mangga Dua
sulaeman1408,@tvOneNews Sandiaga uno ni penghianat skrg bikin ulah memnlou up utang tp akhirnya tdkmingn.perpanjang dar cebong sekolam,
terkinidotid,"Soal Utang Anies Baswedan dan Sandiaga Uno, Fahri Hamzah Minta KPK Turun Tangan
 
https://t.co/uZ9fppBT3K","Makassar, Indonesia"
antaranews,"Terkait konten YouTube dijadikan jaminan utang, begini kata Menparekraf Sandiaga Uno. 

https://t.co/pu0AZTvBiP",NKRI
fathw25,Tensi Meninggi Sandiaga Uno vs Gerindra | https://t.co/HW5vmFDI4L - https://t.co/YbZwuyrYBO https://t.co/rxTETcDX9X #IndonesiaKuat #BangkitBersama,
Kemenparekraf,"Ada yang berbeda dari Music Corner Kemenparekraf kali ini!

Senimam musik tunanetra difabel, Mantra Diva Band, sukses bikin mas menteri Sandiaga Uno ikutan jamming, Sob üòÅ https://t.co/1TTFDUiyqf","Jakarta Pusat, DKI Jakarta"
munira_lulu,Sandiaga uno percepat vaksinasi di sektor pariwisata https://t.co/8ijOZ2VwUb,"Kota Palu, Sulawesi Tengah"
tribunnews,"Mardiono Bakal Umumkan 10 Tokoh yang Gabung PPP di Harlah ke-50, Ada Sandiaga Uno? https://t.co/eQMxUum3Z6",Indonesia
terkinidotid,"Setelah Utang Anies Baswedan, Sandiaga Uno Keluhkan Mahalnya Biaya Kampanye Pilpres
 
https://t.co/SrLoIU2o4Z","Makassar, Indonesia"
Riau24Com,Sandiaga Uno Dapat Dukungan dari Emak-emak Cirebon untuk Maju Pilpres 2024 https://t.co/qqEDnDxUZD,Pekanbaru
Satya83358389,"@bigjayen2 @Candra4smara 50m ke Sandiaga Uno, 42m dari pihak ketiga",
IciOriza09,"Bertajuk grand launching dan talkshow kebangsaan ini dihadiri Menteri BUMN @erickthohir dan Menparekraf Sandiaga Uno.
Erick Thohir dalam kesempatan itu mengajak para pelaku media memperbaiki ekosistem di industri media agar lebih sehat dan sustain.#BangkitBersamaET https://t.co/MhpQXCAa6K","Jambi, Indonesia"
jinniesrm,sandiaga uno gonna cry blood sweat and tears when he reads the qrts,
fathw25,Emak-emak di Cirebon Dorong Sandiaga Uno Maju Pilpres 2024 - Head Topics https://t.co/DpXrXCaK0S #IndonesiaKuat #BangkitBersama,
irfanwahidi60,"@YudiSet16452924 @FokusKM50 #SandiagaUno kaya ? Gak juga, yang kaya itu Alloh, buktinya hambanya Alloh saja mampu kasih sumbangan ke Sandi apalagi #AllohuSubhanahuWataala",Jakarta
ricko_liquid,"Bangga Film Indonesia Bisa Jadi Tuan Rumah di Negeri Sendiri, Sandiaga Uno: Ini Capaian Terbaik

 #Sindonews #BukanBeritaBiasa .https://t.co/ksRTXFVP7e","Purworejo, Indonesia"
KuretaID,Sandiaga Uno Soroti Perizinan Konser Raisa di SU GBK https://t.co/KMxgKLp6Ck,Indonesia
DipaDuaLima,"Emak-emak di Cirebon Dorong Sandiaga Uno Maju Pilpres 2024

 #Sindonews #BukanBeritaBiasa .https://t.co/mjKxsq2Wot","Magelang, Jawa Tengah"
DipaDuaLima,"Bangga Film Indonesia Bisa Jadi Tuan Rumah di Negeri Sendiri, Sandiaga Uno: Ini Capaian Terbaik

 #Sindonews #BukanBeritaBiasa .https://t.co/TNocQsdSEE","Magelang, Jawa Tengah"
KuretaID,Menparekraf Sandiaga Uno Puji Rencana Konser Raisa di GBK https://t.co/a81tm5opk1,Indonesia
SINDOnews,"Bangga Film Indonesia Bisa Jadi Tuan Rumah di Negeri Sendiri, Sandiaga Uno: Ini Capaian Terbaik

 #Sindonews #BukanBeritaBiasa .https://t.co/WjppNismLC","Jakarta Pusat, DKI Jakarta"
SINDOnews,"Emak-emak di Cirebon Dorong Sandiaga Uno Maju Pilpres 2024

 #Sindonews #BukanBeritaBiasa .https://t.co/GZOZLIh8ZW","Jakarta Pusat, DKI Jakarta"
guycalledmillan,https://t.co/70o0oo8Cix,I lack social skills
Beritasatu,PPP Bantah Ngebet Jadikan Sandiaga Uno sebagai Kader https://t.co/QwZDk3j1Gc,Jakarta
SuwandaBen,"@Julian51758164 Peran Prabowo dalam Geger Utang Anies Baswedan ke Sandiaga Uno.

Prabowo memang manusia berhati jahat. Setelah pendukungnya pada pilres 2019 ditinggal, sekarang Anies difitnah soal hutang piutang.

https://t.co/Xcqe5TDln4",
wartapesona,Sandiaga Uno Pencapaian Target Parekraf 2023 Perlu Ditopang dengan Deregulasi https://t.co/Ueuw9hZqk7,Indonesia
fathw25,HUT ke-15 Gerindra Penuh Cerita: Sandiaga Uno Dikerubungi ... - https://t.co/jQuXM8mkML https://t.co/Ep3SghBpzj #IndonesiaKuat #BangkitBersama,
radaraktual,"Arsul Sani: Konstituen PPP Ingin Khofifah, Erick Thohir, Sandiaga Uno Jadi¬†Cawapres https://t.co/PSQnOUT0IH",
pryshnv,"@aastrawinata bisa din, dan konten2 dia ga banget, kmrn ada video di Bali, glorifikasi gentrification, dan dia diundang ketemu Sandiaga Uno ü§™ü§™",
okino2x,"@Candra4smara Walaupun sudah kadaluarsa tapi secara moral tidak baik.sebab aturan pemerintah dana kampanye pribadi maks. Rp 75 juta, tp sandiaga uno membenarkan ada pinjaman pribadi Rp 50 M utk pilkada DKI dulu. Spt maling yg ketahuan mencuri ayam setelah dia jadi juragan ayam. https://t.co/gFFI9AHOsu","Paris, France"
Disuruh_Iben,Arwani Sebut Sandiaga Uno Selalu Izin ke Prabowo Subianto untuk Hadiri Acara Internal PPP - Nasional Tempo https://t.co/pAn78cxacd #IndonesiaKuat #BangkitBersama,Pulau Impian
Disuruh_Iben,"Sandiaga Uno Ungkap Ada Perjanjian Politik antara Dirinya, Prabowo Subianto Subianto, dan Anies Baswedan - Pikiran Rakyat Depok - Pikiran Rakyat Depok https://t.co/y7TqjUsWru #IndonesiaKuat #BangkitBersama",Pulau Impian
sudarman1912,"@Fahrihamzah Teringat sandiaga uno. Sok ngumbar Hutang 50 untuk pilkada, malah jadi blunder. Terpaksa harus usut semua biaya pemilu dari 2014-2019. Terimakasih bung sudah mencerahkan bahwa biaya pemilu yang sangat mahal(ILC) . Jadi paham bahwa Esemka, kereta cepat, pekerja china. ü§£üòÜüòÅüòÑ",
HUENINGKAl,"@Beomgya Kemaren aja telponan sama ibuku kangen si hawaiian boy sekarang pura pura akting, panggung sandiwara aja bukan apalagi sandiaga uno. üòë",Hybegin. Thursdaylads.
Faktorutama,"Dukung Ajang FSAI di 7 Kota, Menparekraf Sandiaga Uno Harap Bisa Gaet Lebih dari 44 Juta Penonton - https://t.co/fT0oquo78P",
L_Nasional,"Menparekraf Sandiaga Uno meyakini sektor pariwisata dan ekonomi kreatif bakal menciptakan 4,4 juta lapangan kerja hingga 2024.

#kacamatabangsa KatarsisSeries https://t.co/NhQlKlOnqQ",Bekasi
H_Nasional,"Menparekraf Sandiaga Uno meyakini sektor pariwisata dan ekonomi kreatif bakal menciptakan 4,4 juta lapangan kerja hingga 2024.

#kacamatabangsa KatarsisSeries https://t.co/KccNXXAo6C",Jakarta
B_Nasional1,"Menparekraf Sandiaga Uno meyakini sektor pariwisata dan ekonomi kreatif bakal menciptakan 4,4 juta lapangan kerja hingga 2024.

#kacamatabangsa KatarsisSeries https://t.co/mNQ5Tg09w9",Majalengka
vanny_narita,"Yeaaaaa! The 1st NFT powered by on-chain AI chatbot! 
Congrats @dethrune @unzypsoft @rinacoltd.
.
.
#nft #ai #chat #chatbot  #indonesia #japan #creative #sandiagauno #kemenparekraf #space #spacestationsix #spacestation #sciencetechnologyengineeringARTmath
https://t.co/cUKIMz5GKx","Jakarta, Indonesia"
AbuNawa48105494,@RomeoWalker19 Bisa2 pinjam sama sandiaga unoü§≠,Indonesia asli
eedo_realman,"@aniesbaswedan @NasDem Pasukan NASBUNG digerakan, modal nya pinjam dari Sandiaga Uno dan Surya Paloh ??? https://t.co/bZrRvlE0gv",
ricko_liquid,"Digelar di 7 Kota, Sandiaga Uno Dukung Ajang Festival Sinema Australia Indonesia 2023

 #Sindonews #BukanBeritaBiasa .https://t.co/nsVEX4y9SO","Purworejo, Indonesia"
CNNIndonesia,"PPP Gelar Puncak Harlah ke-50 Besok, Undang Sandiaga Uno https://t.co/FMYccclYin",
kumparan,"Menparekraf RI, Sandiaga Uno, mengapresiasi digelarnya Festival Sinema Australia-Indonesia (FSAI) 2023 yang mulai berlangsung pada Februari hingga Maret tahun ini. #newsupdate #update #news #text https://t.co/xn6rGLJJ5P",
SINDOnews,"Digelar di 7 Kota, Sandiaga Uno Dukung Ajang Festival Sinema Australia Indonesia 2023

 #Sindonews #BukanBeritaBiasa .https://t.co/eyUrGCo0Wh","Jakarta Pusat, DKI Jakarta"
SINDOnews,"Digelar di 7 Kota, Sandiaga Uno Dukung Ajang Festival Sinema Australia Indonesia 2023
https://t.co/eyUrGCo0Wh","Jakarta Pusat, DKI Jakarta"
diahutama,"Apaqa Pak Sandiaga Uno tidak menangess kalau lihat ini üòÜ
Malah pada lempar-lemparaan",Indonesia
SitiSumiran,"Wakil Ketua Dewan Pembina Partai Gerindra Sandiaga Uno mengunggah foto bersama 

Prabowo Subianto
#Prabowo
#IndonesiaKuat
#IndonesiaBangkit
#BangkitBersama",
IBChyd98,"@CenayangFilm Keren, adu akting sama Sandiaga Uno","Jember, Jawa Timur"
gadisrembulan_,"Pemerintah menargetkan ajang ini bakal dihadiri 25 ribu wisatawan. Karena itu, Sandiaga Uno meminta event bergengsi ini dipromosikan bersama-sama.
https://t.co/XVxptuX9aq",
Sirambutmerah_,"Pemerintah menargetkan ajang ini bakal dihadiri 25 ribu wisatawan. Karena itu, Sandiaga Uno meminta event bergengsi ini dipromosikan bersama-sama.
https://t.co/3EtPeTHifU",
ElcapitanoTotti,"Pemerintah menargetkan ajang ini bakal dihadiri 25 ribu wisatawan. Karena itu, Sandiaga Uno meminta event bergengsi ini dipromosikan bersama-sama.
https://t.co/2zHEga3atY","Trenggalek, Indonesia"
Mockingjacks_,"Pemerintah menargetkan ajang ini bakal dihadiri 25 ribu wisatawan. Karena itu, Sandiaga Uno meminta event bergengsi ini dipromosikan bersama-sama.
https://t.co/fnYny9q0nN",
nuruldwiasih,"@ShamsiAli2 Kalo Anis kena Sandiaga Uno juga kena dong, adanya utang kan karena ada yg memberi utang, dan yg maju Pilgub berdua menang berdua,yg menikmati uang utangan berdua juga, bingung saya",
